Symbol,Name,Last Sale,Net Change,% Change,Market Cap,Country,IPO Year,Volume,Sector,Industry
A,Agilent Technologies Inc. Common Stock,$113.15,-1.04,-0.911%,33106249940.00,United States,1999,2700770,Industrials,Electrical Products
AAPL,Apple Inc. Common Stock,$189.69,-0.02,-0.011%,2950201526880.00,United States,1980,50922657,Technology,Computer Manufacturing
ABBV,AbbVie Inc. Common Stock,$138.30,0.02,0.014%,244173825324.00,United States,2012,4332297,Health Care,Biotechnology: Pharmaceutical Preparations
ABNB,Airbnb Inc. Class A Common Stock,$127.15,0.87,0.689%,82448899202.00,United States,2020,3795704,Consumer Discretionary,Hotels/Resorts
ABT,Abbott Laboratories Common Stock,$99.55,-0.71,-0.708%,172824627259.00,United States,,6069070,Health Care,Biotechnology: Pharmaceutical Preparations
ACI,Albertsons Companies Inc. Class A Common Stock,$21.01,0.04,0.191%,12099506173.00,United States,2020,2614411,Consumer Staples,Food Chains
ACM,AECOM Common Stock,$86.98,-0.01,-0.011%,11828171353.00,United States,2007,671893,Consumer Discretionary,Military/Government/Technical
ADBE,Adobe Inc. Common Stock,$602.66,0.60,0.10%,274391098000.00,United States,1986,1968458,Technology,Computer Software: Prepackaged Software
ADI,Analog Devices Inc. Common Stock,$183.05,3.21,1.785%,91216369646.00,United States,,3278975,Technology,Semiconductors
ADM,Archer-Daniels-Midland Company Common Stock,$73.96,0.04,0.054%,39448877620.00,United States,,2859257,Consumer Staples,Packaged Foods
ADP,Automatic Data Processing Inc. Common Stock,$229.39,-0.52,-0.226%,94349203943.00,United States,,1664483,Technology,EDP Services
ADSK,Autodesk Inc. Common Stock,$217.33,2.31,1.074%,46457250143.00,United States,,1131079,Technology,Computer Software: Prepackaged Software
AEE,Ameren Corporation Common Stock,$77.12,0.34,0.443%,20278322102.00,United States,,1949623,Utilities,Power Generation
AEM,Agnico Eagle Mines Limited Common Stock,$48.38,-0.33,-0.677%,23999553291.00,Canada,,1647652,Basic Materials,Precious Metals
AEP,American Electric Power Company Inc. Common Stock,$77.39,0.01,0.013%,40697515238.00,United States,,3507053,Utilities,Electric Utilities: Central
AES,The AES Corporation Common Stock,$17.01,0.10,0.591%,11390389885.00,United States,,4857964,Utilities,Electric Utilities: Central
AESC,The AES Corporation Corporate Units,$66.66,-0.34,-0.507%,44637471473.00,United States,,12524,Utilities,Electric Utilities: Central
AFL,AFLAC Incorporated Common Stock,$81.77,0.66,0.814%,47784743524.00,United States,,1831089,Finance,Accident &Health Insurance
AGNCL,AGNC Investment Corp. Depositary Shares Each Representing a 1/1000th Interest in a Share of 7.75% Series G Fixed-Rate Reset Cumulative Redeemable Preferred Stock,$21.18,0.04,0.189%,14214022094.00,United States,,32139,Real Estate,Real Estate Investment Trusts
AGNCM,AGNC Investment Corp. Depositary Shares rep 6.875% Series D Fixed-to-Floating Cumulative Redeemable Preferred Stock,$23.1101,-0.2899,-1.239%,15509323512.00,United States,,8339,Real Estate,Real Estate Investment Trusts
AGNCN,AGNC Investment Corp. Depositary Shares Each Representing a 1/1000th Interest in a Share of 7.00% Series C Fixed-To-Floating Rate Cumulative Redeemable Preferred Stock,$25.25,-0.13,-0.512%,16945422940.00,United States,,25631,Real Estate,Real Estate Investment Trusts
AGNCO,AGNC Investment Corp. Depositary Shares each representing a 1/1000th interest in a share of 6.50% Series E Fixed-to-Floating Cumulative Redeemable Preferred Stock,$23.25,0.01,0.043%,15603211222.00,United States,,95211,Real Estate,Real Estate Investment Trusts
AGNCP,AGNC Investment Corp. Depositary Shares Each Representing a 1/1000th Interest in a Share of 6.125% Series F Fixed-to-Floating Rate Cumulative Redeemable Preferred Stock,$21.38,0.51,2.444%,14348243265.00,United States,,33635,Real Estate,Real Estate Investment Trusts
AGR,Avangrid Inc. Common Stock,$30.87,-0.80,-2.526%,11939618146.00,United States,2015,2509642,Utilities,Electric Utilities: Central
AIG,American International Group Inc. New Common Stock,$64.48,0.36,0.561%,45267561317.00,United States,,3343785,Finance,Life Insurance
AJG,Arthur J. Gallagher & Co. Common Stock,$245.45,-0.06,-0.024%,52992655000.00,United States,,820829,Finance,Specialty Insurers
AKAM,Akamai Technologies Inc. Common Stock,$112.37,1.00,0.898%,16948943296.00,United States,1999,1100578,Consumer Discretionary,Business Services
ALB,Albemarle Corporation Common Stock,$127.39,4.79,3.907%,14949633320.00,United States,,2016292,Industrials,Major Chemicals
ALGN,Align Technology Inc. Common Stock,$206.64,3.52,1.733%,15826374517.00,United States,2001,1068920,Health Care,Industrial Specialties
ALL,Allstate Corporation (The) Common Stock,$134.19,-0.56,-0.416%,35115787118.00,United States,,1125468,Finance,Property-Casualty Insurers
ALNY,Alnylam Pharmaceuticals Inc. Common Stock,$163.73,-5.24,-3.101%,20546956938.00,United States,2004,654796,Health Care,Biotechnology: Pharmaceutical Preparations
AMAT,Applied Materials Inc. Common Stock,$148.59,-6.22,-4.018%,124300565069.00,United States,1972,18912399,Technology,Industrial Machinery/Components
AMD,Advanced Micro Devices Inc. Common Stock,$120.62,0.79,0.659%,194861476232.00,United States,,38508879,Technology,Semiconductors
AME,AMETEK Inc.,$155.66,1.69,1.098%,35926118949.00,United States,,1107754,Industrials,Industrial Machinery/Components
AMGN,Amgen Inc. Common Stock,$265.39,-3.61,-1.342%,142030896586.00,United States,1983,2642924,Health Care,Biotechnology: Biological Products (No Diagnostic Substances)
AMH,American Homes 4 Rent Common Shares of Beneficial Interest,$36.12,-0.18,-0.496%,13077459939.00,United States,2013,1651077,Real Estate,Real Estate Investment Trusts
AMP,Ameriprise Financial Inc. Common Stock,$347.83,3.63,1.055%,35199071463.00,United States,,414884,Finance,Investment Managers
AMT,American Tower Corporation (REIT) Common Stock,$197.74,-1.37,-0.688%,92179490433.00,United States,,2593536,Real Estate,Real Estate Investment Trusts
AMX,America Movil S.A.B. de C.V. American Depositary Shares (each representing the right to receive twenty (20) Series B Shares,$17.70,0.00,0.00%,56042625000.00,Mexico,2023,859789,Telecommunications,Telecommunications Equipment
AMZN,Amazon.com Inc. Common Stock,$145.18,2.35,1.645%,1500294560475.00,United States,1997,49636548,Consumer Discretionary,Catalog/Specialty Distribution
ANET,Arista Networks Inc. Common Stock,$214.63,1.33,0.624%,66771423477.00,United States,2014,1108627,Technology,Computer peripheral equipment
ANSS,ANSYS Inc. Common Stock,$299.46,-2.20,-0.729%,26014929586.00,United States,1996,410953,,
AON,Aon plc Class A Ordinary Shares (Ireland),$329.74,-3.92,-1.175%,66019337600.00,United States,,1419073,Finance,Specialty Insurers
AOS,A.O. Smith Corporation Common Stock,$76.38,0.74,0.978%,11359266291.00,United States,,669804,Consumer Discretionary,Consumer Electronics/Appliances
APA,APA Corporation Common Stock,$36.87,1.02,2.845%,11308745052.00,United States,,5052737,Energy,Oil & Gas Production
APD,Air Products and Chemicals Inc. Common Stock,$269.99,-3.61,-1.319%,59977943982.00,United States,,1537397,Industrials,Major Chemicals
APH,Amphenol Corporation Common Stock,$89.70,0.15,0.168%,53668427721.00,United States,,3221409,Technology,Electrical Products
APO,Apollo Global Management Inc. (New) Common Stock,$86.84,0.44,0.509%,49221706847.00,United States,,1819074,Finance,Investment Managers
APP,Applovin Corporation Class A Common Stock,$39.10,0.17,0.437%,13129841465.00,United States,2021,2328668,Technology,EDP Services
AQNB,Algonquin Power & Utilities Corp. 6.20% Fixed-to-Floating Subordinated Notes Series 2019-A due July 1 2079,$24.58,-0.10,-0.405%,16929698629.00,United States,2019,20339,Utilities,Electric Utilities: Central
AQNU,Algonquin Power & Utilities Corp. Corporate Units,$21.82,0.55,2.586%,15028723518.00,United States,2021,10192,Utilities,Electric Utilities: Central
ARCC,Ares Capital Corporation Common Stock,$19.65,0.02,0.102%,11189429976.00,United States,2004,1989655,Finance,Finance/Investors Services
ARE,Alexandria Real Estate Equities Inc. Common Stock,$103.72,-0.09,-0.087%,18023990296.00,United States,,908179,Real Estate,Real Estate Investment Trusts
ARES,Ares Management Corporation Class A Common Stock,$107.08,5.10,5.001%,32896090810.00,United States,2014,1499985,Finance,Investment Managers
ASBA,Associated Banc-Corp 6.625% Fixed-Rate Reset Subordinated Notes due 2033,$20.87,0.23,1.114%,15969639852.00,United States,2023,38262,Finance,Major Banks
ATO,Atmos Energy Corporation Common Stock,$113.90,-0.15,-0.132%,16913706701.00,United States,,1112018,Utilities,Oil/Gas Transmission
AVB,AvalonBay Communities Inc. Common Stock,$169.04,-0.78,-0.459%,24006234532.00,United States,,832957,Real Estate,Real Estate Investment Trusts
AVGO,Broadcom Inc. Common Stock,$977.73,18.18,1.895%,403543884326.00,United States,2009,1978931,Technology,Semiconductors
AVTR,Avantor Inc. Common Stock,$19.34,0.05,0.259%,13081309398.00,United States,2019,4525972,Industrials,Biotechnology: Laboratory Analytical Instruments
AVY,Avery Dennison Corporation Common Stock,$189.96,0.79,0.418%,15297721569.00,United States,,378101,Consumer Discretionary,Containers/Packaging
AWK,American Water Works Company Inc. Common Stock,$132.10,1.11,0.847%,25720530104.00,United States,2008,1161491,Utilities,Water Supply
AXON,Axon Enterprise Inc. Common Stock,$223.48,0.72,0.323%,16746212552.00,United States,2001,458642,Industrials,Ordnance And Accessories
AXP,American Express Company Common Stock,$162.56,3.51,2.207%,118464880997.00,United States,,2975753,Finance,Finance: Consumer Services
AZO,AutoZone Inc. Common Stock,$2627.05,-31.18,-1.173%,46455223257.00,United States,,152812,Consumer Discretionary,Auto & Home Supply Stores
AZPN,Aspen Technology Inc. Common Stock,$183.66,1.62,0.89%,12233465875.00,United States,,220983,Technology,EDP Services
BA,Boeing Company (The) Common Stock,$208.04,1.44,0.697%,125859372848.00,United States,,3564451,Industrials,Aerospace
BAC,Bank of America Corporation Common Stock,$29.98,0.44,1.49%,237253685780.00,United States,,38487541,Finance,Major Banks
BAH,Booz Allen Hamilton Holding Corporation Common Stock,$126.82,-1.01,-0.79%,16534944038.00,United States,2010,563268,Consumer Discretionary,Professional Services
BALL,Ball Corporation Common Stock,$52.36,0.49,0.945%,16509171565.00,United States,,2168147,Industrials,Containers/Packaging
BAX,Baxter International Inc. Common Stock,$35.46,0.01,0.028%,17989691629.00,United States,,4437215,Health Care,Medical/Dental Instruments
BBY,Best Buy Co. Inc. Common Stock,$68.22,1.47,2.202%,14847274934.00,United States,,4311402,Consumer Discretionary,Consumer Electronics/Video Chains
BCE,BCE Inc. Common Stock,$39.50,0.11,0.279%,36034833428.00,Canada,,1501788,Telecommunications,Telecommunications Equipment
BDX,Becton Dickinson and Company Common Stock,$233.27,-1.80,-0.766%,67673627057.00,United States,,1812401,Health Care,Medical/Dental Instruments
BEN,Franklin Resources Inc. Common Stock,$24.27,-0.28,-1.141%,12003563024.00,United States,,5150444,Finance,Investment Managers
BEP,Brookfield Renewable Partners L.P. ,$24.46,-0.45,-1.807%,11450428442.00,Canada,,369770,Utilities,Electric Utilities: Central
BG,Bunge Limited Common Shares,$106.80,0.87,0.821%,15516756050.00,United States,,730931,Consumer Staples,Packaged Foods
BIIB,Biogen Inc. Common Stock,$228.00,-1.46,-0.636%,33036769536.00,United States,,1447300,Health Care,Biotechnology: Pharmaceutical Preparations
BK,The Bank of New York Mellon Corporation Common Stock,$47.20,0.72,1.549%,36300258722.00,United States,,5924953,Finance,Major Banks
BKDT,Brookdale Senior Living Inc. 7.00% Tangible Equity Units,$74.20,9.86,15.325%,13967269246.00,United States,2022,6814,Health Care,Hospital/Nursing Management
BKNG,Booking Holdings Inc. Common Stock,$3135.25,6.40,0.205%,109388474323.00,United States,,212387,Consumer Discretionary,Transportation Services
BKR,Baker Hughes Company Class A Common Stock,$33.71,0.47,1.414%,33920144533.00,United States,,7981553,Industrials,Metal Fabrications
BLDR,Builders FirstSource Inc. Common Stock,$133.59,3.24,2.486%,16477895672.00,United States,2005,2192024,Consumer Discretionary,RETAIL: Building Materials
BLK,BlackRock Inc. Common Stock,$716.86,1.96,0.274%,106641864961.00,United States,1999,715611,Finance,Investment Bankers/Brokers/Service
BMO,Bank Of Montreal Common Stock,$81.67,0.97,1.202%,58530662512.00,Canada,,892060,,
BMRN,BioMarin Pharmaceutical Inc. Common Stock,$87.52,0.31,0.355%,16485982326.00,United States,1999,1776937,Health Care,Biotechnology: Pharmaceutical Preparations
BMY,Bristol-Myers Squibb Company Common Stock,$50.84,0.00,0.00%,103447083603.00,United States,,10229541,Health Care,Biotechnology: Pharmaceutical Preparations
BN,Brookfield Corporation Class A Limited Voting Shares,$33.87,-0.20,-0.587%,55484580336.00,Canada,1925,2906635,Consumer Discretionary,Other Consumer Services
BNH,Brookfield Finance Inc. 4.625% Subordinated Notes due October 16 2080,$15.30,0.092,0.605%,25059196800.00,Canada,2020,36958,Real Estate,Building operators
BNJ,Brookfield Finance Inc. 4.50% Perpetual Subordinated Notes,$14.78,0.13,0.887%,24207511680.00,Canada,2020,10137,Real Estate,Building operators
BNS,Bank Nova Scotia Halifax Pfd 3 Ordinary Shares,$44.54,0.52,1.181%,53685531820.00,Canada,,977587,Finance,Major Banks
BR,Broadridge Financial Solutions Inc. Common Stock,$182.70,1.49,0.822%,21494113843.00,United States,,506389,Consumer Discretionary,Business Services
BRK/A,Berkshire Hathaway Inc.,$544190.00,-2445.01,-0.447%,800434922060.00,United States,,8006,,
BRK/B,Berkshire Hathaway Inc.,$358.93,-0.93,-0.258%,791911340393.00,United States,,3259440,,
BRO,Brown & Brown Inc. Common Stock,$73.01,-0.19,-0.26%,20778487641.00,United States,,819188,Finance,Specialty Insurers
BSX,Boston Scientific Corporation Common Stock,$54.34,-0.33,-0.604%,79607164102.00,United States,,5200223,Health Care,Medical/Dental Instruments
BSY,Bentley Systems Incorporated Class B Common Stock,$52.89,-0.20,-0.377%,15651323571.00,United States,2020,697643,Technology,Retail: Computer Software & Peripheral Equipment
BX,Blackstone Inc. Common Stock,$104.96,1.26,1.215%,74578768248.00,United States,2007,2906787,Finance,Investment Managers
C,Citigroup Inc. Common Stock,$45.36,0.69,1.545%,86813684481.00,United States,,15572537,Finance,Major Banks
CAG,ConAgra Brands Inc. Common Stock,$28.18,0.10,0.356%,13469134887.00,United States,,2800906,Consumer Staples,Packaged Foods
CAH,Cardinal Health Inc. Common Stock,$103.39,0.09,0.087%,25482340271.00,United States,,2693051,Health Care,Other Pharmaceuticals
CARR,Carrier Global Corporation Common Stock ,$53.22,0.54,1.025%,44654058934.00,United States,2020,2855375,Industrials,Industrial Machinery/Components
CASY,Casey's General Stores Inc. Common Stock,$277.72,-3.59,-1.276%,10349690150.00,United States,1983,427466,Miscellaneous,Diversified Commercial Services
CAT,Caterpillar Inc. Common Stock,$253.07,4.86,1.958%,128834075911.00,United States,,2792506,Industrials,Construction/Ag Equipment/Trucks
CBRE,CBRE Group Inc Common Stock Class A,$78.14,0.09,0.115%,23816509470.00,United States,,1844883,Finance,Real Estate
CCI,Crown Castle Inc. Common Stock,$103.92,-0.20,-0.192%,45068946643.00,United States,,2512667,Real Estate,Real Estate Investment Trusts
CCJ,Cameco Corporation Common Stock,$44.60,0.66,1.502%,19350398490.00,Canada,1996,5217325,Basic Materials,Other Metals and Minerals
CCK,Crown Holdings Inc.,$83.59,0.23,0.276%,10084831657.00,United States,,1581611,Industrials,Containers/Packaging
CCL,Carnival Corporation Common Stock,$14.79,-0.02,-0.135%,19319590207.00,United States,1987,25663707,Consumer Discretionary,Marine Transportation
CDAY,Ceridian HCM Holding Inc. Common Stock,$69.29,2.05,3.049%,10818040592.00,United States,2018,1085428,Technology,Computer Software: Prepackaged Software
CDNS,Cadence Design Systems Inc. Common Stock,$268.27,1.28,0.479%,72986072740.00,United States,,1013316,Technology,Computer Software: Prepackaged Software
CDW,CDW Corporation Common Stock,$215.29,-0.22,-0.102%,28840327842.00,United States,2013,960011,Consumer Discretionary,Catalog/Specialty Distribution
CE,Celanese Corporation Common Stock,$129.93,2.06,1.611%,14143551848.00,United States,2005,849652,Industrials,Major Chemicals
CEG,Constellation Energy Corporation Common Stock ,$121.69,0.02,0.016%,38865557126.00,United States,,1487904,Utilities,Electric Utilities: Central
CELH,Celsius Holdings Inc. Common Stock,$49.97,-0.07,-0.14%,11576812392.00,United States,,3656094,Consumer Staples,Beverages (Production/Distribution)
CF,CF Industries Holdings Inc. Common Stock,$77.46,-2.65,-3.308%,14799236567.00,United States,2005,2624864,Industrials,Agricultural Chemicals
CFG,Citizens Financial Group Inc. Common Stock,$27.77,0.69,2.548%,12947011794.00,United States,2014,4791135,Finance,Major Banks
CG,The Carlyle Group Inc. Common Stock,$31.85,0.41,1.304%,11491341389.00,United States,2012,2455964,Finance,Investment Managers
CHD,Church & Dwight Company Inc. Common Stock,$92.40,-0.48,-0.517%,22765672037.00,United States,,1773564,Consumer Discretionary,Package Goods/Cosmetics
CHK,Chesapeake Energy Corporation Common Stock,$81.58,0.45,0.555%,10692872279.00,United States,,1163786,Energy,Oil & Gas Production
CHTR,Charter Communications Inc. Class A Common Stock New,$407.70,-5.15,-1.247%,60307100602.00,United States,,1033016,Telecommunications,Cable & Other Pay Television Services
CI,The Cigna Group Common Stock,$282.56,0.32,0.113%,82682697593.00,United States,,1517201,Health Care,Medical Specialities
CINF,Cincinnati Financial Corporation Common Stock,$100.89,-0.19,-0.188%,15830419871.00,United States,,613974,Finance,Property-Casualty Insurers
CL,Colgate-Palmolive Company Common Stock,$75.58,-0.40,-0.526%,62230475335.00,United States,,3231683,Consumer Discretionary,Package Goods/Cosmetics
CLX,Clorox Company (The) Common Stock,$139.17,0.12,0.086%,17265304669.00,United States,,1447820,Consumer Discretionary,Specialty Chemicals
CM,Canadian Imperial Bank of Commerce Common Stock,$39.53,0.58,1.489%,36527061451.00,Canada,,1249641,,
CMCSA,Comcast Corporation Class A Common Stock,$42.42,0.01,0.024%,170743882953.00,United States,,13386016,Telecommunications,Cable & Other Pay Television Services
CME,CME Group Inc. Class A Common Stock,$213.42,1.23,0.58%,76829700938.00,United States,2002,1206353,Finance,Investment Bankers/Brokers/Service
CMG,Chipotle Mexican Grill Inc. Common Stock,$2162.22,-10.88,-0.501%,59341392745.00,United States,2006,139552,Consumer Discretionary,Restaurants
CMI,Cummins Inc. Common Stock,$225.50,2.08,0.931%,31963466607.00,United States,,523531,Industrials,Industrial Machinery/Components
CMS,CMS Energy Corporation Common Stock,$57.40,-0.10,-0.174%,16747228746.00,United States,,2110659,Utilities,Power Generation
CNA,CNA Financial Corporation Common Stock,$40.12,0.38,0.956%,10867325463.00,United States,,193135,Finance,Property-Casualty Insurers
CNC,Centene Corporation Common Stock,$72.61,-0.60,-0.82%,38788334610.00,United States,,1929999,Health Care,Medical Specialities
CNI,Canadian National Railway Company Common Stock,$115.32,1.23,1.078%,74692764000.00,Canada,,1263938,Industrials,Railroads
CNP,CenterPoint Energy Inc (Holding Co) Common Stock,$27.80,0.14,0.506%,17548014968.00,United States,,3174120,Utilities,Electric Utilities: Central
CNQ,Canadian Natural Resources Limited Common Stock,$66.58,2.65,4.145%,72394165080.00,Canada,,3899149,Energy,Oil & Gas Production
COF,Capital One Financial Corporation Common Stock,$107.68,2.67,2.543%,41009580301.00,United States,1994,2309664,Finance,Major Banks
COIN,Coinbase Global Inc. Class A Common Stock,$99.05,2.13,2.198%,23697271827.00,United States,,7361816,Finance,Finance: Consumer Services
COO,The Cooper Companies Inc. Common Stock,$337.12,-3.45,-1.013%,16695581111.00,United States,,348368,Health Care,Ophthalmic Goods
COP,ConocoPhillips Common Stock,$114.59,2.60,2.322%,136065076074.00,United States,,5799084,Energy,Integrated oil Companies
COR,Cencora Inc. Common Stock,$195.00,-1.91,-0.97%,39424096920.00,United States,,1261202,Health Care,Other Pharmaceuticals
COST,Costco Wholesale Corporation Common Stock,$577.15,-1.43,-0.247%,255527721130.00,United States,,1773583,Consumer Discretionary,Department/Specialty Retail Stores
CP,Canadian Pacific Kansas City Limited Common Shares,$71.72,0.08,0.112%,66821524000.00,Canada,,4357907,Industrials,Railroads
CPB,Campbell Soup Company Common Stock,$40.88,-0.25,-0.608%,12180000594.00,United States,,5030326,Consumer Staples,Packaged Foods
CPNG,Coupang Inc. Class A Common Stock,$16.04,0.18,1.135%,28676111484.00,United States,2021,9082999,Consumer Discretionary,Durable Goods
CPRT,Copart Inc. (DE) Common Stock,$50.22,0.91,1.845%,48078399889.00,United States,1994,5796443,Consumer Discretionary,Other Specialty Stores
CQP,Cheniere Energy Partners LP Common Units,$59.34,1.69,2.931%,28722881559.00,United States,2007,180705,Utilities,Oil/Gas Transmission
CRBG,Corebridge Financial Inc. Common Stock,$19.46,0.00,0.00%,12279720774.00,United States,2022,2932520,Finance,Life Insurance
CRM,Salesforce Inc. Common Stock,$221.22,-0.23,-0.104%,215247060000.00,United States,2004,3634930,Technology,Computer Software: Prepackaged Software
CRWD,CrowdStrike Holdings Inc. Class A Common Stock,$207.09,2.82,1.381%,49450648545.00,United States,2019,1857525,Technology,EDP Services
CSCO,Cisco Systems Inc. Common Stock (DE),$47.755,-0.285,-0.593%,193639733427.00,United States,1990,32319454,Telecommunications,Computer Communications Equipment
CSGP,CoStar Group Inc. Common Stock,$82.73,0.49,0.596%,33783901435.00,United States,1998,1518371,Consumer Discretionary,Business Services
CSL,Carlisle Companies Incorporated Common Stock,$273.26,-0.20,-0.073%,13303226977.00,United States,,276856,Industrials,Specialty Chemicals
CSX,CSX Corporation Common Stock,$31.62,0.29,0.926%,62485263327.00,United States,,13336908,Industrials,Railroads
CTAS,Cintas Corporation Common Stock,$547.97,-5.47,-0.988%,55813001040.00,United States,1983,344269,Consumer Discretionary,Apparel
CTRA,Coterra Energy Inc. Common Stock,$26.75,0.42,1.595%,20121127708.00,United States,,7281810,Energy,Oil & Gas Production
CTSH,Cognizant Technology Solutions Corporation Class A Common Stock,$69.53,1.05,1.533%,34863214323.00,United States,1998,4257384,Technology,EDP Services
CTVA,Corteva Inc. Common Stock ,$47.32,0.35,0.745%,33347776280.00,United States,2019,3495262,Consumer Staples,Farming/Seeds/Milling
CVE,Cenovus Energy Inc Common Stock,$18.07,0.60,3.434%,34072051130.00,Canada,,9156867,,
CVS,CVS Health Corporation Common Stock,$68.81,0.56,0.821%,88551353807.00,United States,,6446832,Consumer Staples,Retail-Drug Stores and Proprietary Stores
CVX,Chevron Corporation Common Stock,$144.46,2.69,1.897%,272704172146.00,United States,,11075468,Energy,Integrated oil Companies
CX,Cemex S.A.B. de C.V. Sponsored ADR,$6.98,0.10,1.453%,10268635879.00,Mexico,,2870834,Industrials,Building Materials
D,Dominion Energy Inc. Common Stock,$46.76,-0.11,-0.235%,39128617012.00,United States,,5251056,Utilities,Electric Utilities: Central
DAL,Delta Air Lines Inc. Common Stock,$36.06,0.55,1.549%,23203291394.00,United States,,8447126,Consumer Discretionary,Air Freight/Delivery Services
DASH,DoorDash Inc. Class A Common Stock,$95.23,0.14,0.147%,37921415453.00,United States,,3432864,Industrials,Industrial Machinery/Components
DD,DuPont de Nemours Inc. Common Stock,$71.22,0.63,0.892%,30627626280.00,United States,2017,2001105,Industrials,Major Chemicals
DDOG,Datadog Inc. Class A Common Stock,$109.54,0.42,0.385%,35989769669.00,United States,2019,2294610,Technology,Computer Software: Prepackaged Software
DE,Deere & Company Common Stock,$384.15,5.59,1.477%,110635421655.00,United States,,1342567,Industrials,Industrial Machinery/Components
DECK,Deckers Outdoor Corporation Common Stock,$620.51,5.05,0.821%,15966264626.00,United States,1993,253818,Consumer Discretionary,Shoe Manufacturing
DELL,Dell Technologies Inc. Class C Common Stock ,$73.60,1.06,1.461%,53244200925.00,United States,2018,4052510,Technology,Computer Manufacturing
DFS,Discover Financial Services Common Stock,$86.38,2.18,2.589%,21600006153.00,United States,,1266059,Finance,Finance: Consumer Services
DG,Dollar General Corporation Common Stock,$121.11,3.30,2.801%,26580798552.00,United States,2009,3029384,Consumer Discretionary,Department/Specialty Retail Stores
DGX,Quest Diagnostics Incorporated Common Stock,$134.89,-0.04,-0.03%,15166356745.00,United States,,849556,Health Care,Medical Specialities
DHI,D.R. Horton Inc. Common Stock,$128.06,0.43,0.337%,43322257986.00,United States,,1938685,Consumer Discretionary,Homebuilding
DHR,Danaher Corporation Common Stock,$207.78,-1.33,-0.636%,153534274292.00,United States,,2474409,Industrials,Industrial Machinery/Components
DIS,Walt Disney Company (The) Common Stock,$94.15,-0.36,-0.381%,172273672984.00,United States,,12188996,Consumer Discretionary,Services-Misc. Amusement & Recreation
DKNG,DraftKings Inc. Class A Common Stock,$38.37,1.06,2.841%,32969648269.00,United States,2019,15599636,Consumer Discretionary,Services-Misc. Amusement & Recreation
DKS,Dick's Sporting Goods Inc Common Stock,$118.08,2.73,2.367%,10039531899.00,United States,2002,1575128,Consumer Discretionary,Other Specialty Stores
DLR,Digital Realty Trust Inc. Common Stock,$134.53,-0.62,-0.459%,40742691668.00,United States,2004,1542659,Real Estate,Real Estate Investment Trusts
DLTR,Dollar Tree Inc. Common Stock,$115.00,1.30,1.143%,25300636755.00,United States,1995,1770999,Consumer Discretionary,Department/Specialty Retail Stores
DOV,Dover Corporation Common Stock,$137.79,0.25,0.182%,19275462942.00,United States,,788889,Industrials,Industrial Machinery/Components
DOW,Dow Inc. Common Stock ,$51.70,0.26,0.505%,36262225210.00,United States,2019,3306051,Industrials,Major Chemicals
DPZ,Domino's Pizza Inc Common Stock,$372.42,-2.32,-0.619%,12990375689.00,United States,2004,557000,Consumer Discretionary,Food Distributors
DRI,Darden Restaurants Inc. Common Stock,$155.86,0.18,0.116%,18752248674.00,United States,,784344,Consumer Discretionary,Restaurants
DT,Dynatrace Inc. Common Stock,$51.20,0.12,0.235%,15072997478.00,United States,2019,2119374,Technology,EDP Services
DTE,DTE Energy Company Common Stock,$103.60,0.27,0.261%,21368404117.00,United States,,1502516,Utilities,Electric Utilities: Central
DUK,Duke Energy Corporation (Holding Company) Common Stock,$90.01,-0.17,-0.189%,69371762637.00,United States,,3340618,Industrials,Railroads
DUKB,Duke Energy Corporation 5.625% Junior Subordinated Debentures due 2078,$23.80,-0.04,-0.168%,18342939126.00,United States,2018,83434,Utilities,Power Generation
DVN,Devon Energy Corporation Common Stock,$45.36,1.07,2.416%,29062152000.00,United States,1985,9334956,Energy,Oil & Gas Production
DXCM,DexCom Inc. Common Stock,$104.97,0.20,0.191%,40557671957.00,United States,2005,5315902,Health Care,Medical/Dental Instruments
EA,Electronic Arts Inc. Common Stock,$133.70,0.30,0.225%,35960813964.00,United States,,2717144,Technology,Computer Software: Prepackaged Software
EBAY,eBay Inc. Common Stock,$40.14,-0.04,-0.10%,20832660000.00,United States,1998,5165260,Consumer Discretionary,Business Services
ECL,Ecolab Inc. Common Stock,$184.35,-0.78,-0.421%,52565525817.00,United States,,986546,Consumer Discretionary,Package Goods/Cosmetics
ED,Consolidated Edison Inc. Common Stock,$91.36,0.23,0.252%,31539279009.00,United States,,1693986,Utilities,Power Generation
EDR,Endeavor Group Holdings Inc. Class A Common Stock,$24.42,0.10,0.411%,16945900612.00,United States,2021,1925195,Consumer Discretionary,Services-Misc. Amusement & Recreation
EFX,Equifax Inc. Common Stock,$205.21,4.83,2.41%,25285314603.00,United States,,918548,Finance,Finance: Consumer Services
EIX,Edison International Common Stock,$65.93,-0.06,-0.091%,25288685248.00,United States,,1463694,Utilities,Electric Utilities: Central
EL,Estee Lauder Companies Inc. (The) Common Stock,$123.81,1.19,0.97%,44304986679.00,United States,1995,2208741,Consumer Discretionary,Package Goods/Cosmetics
ELS,Equity Lifestyle Properties Inc. Common Stock,$69.54,-0.41,-0.586%,12961750166.00,United States,,934165,Real Estate,Real Estate Investment Trusts
ELV,Elevance Health Inc. Common Stock,$462.95,-0.66,-0.142%,108774331548.00,United States,,983406,Health Care,Medical Specialities
EME,EMCOR Group Inc. Common Stock,$214.67,4.96,2.365%,10099029935.00,United States,,277906,Industrials,Engineering & Construction
EMR,Emerson Electric Company Common Stock,$89.27,1.77,2.023%,50892827000.00,United States,,3494223,Technology,Consumer Electronics/Appliances
ENB,Enbridge Inc Common Stock,$33.68,0.78,2.371%,71603680000.00,Canada,,7473972,Energy,Natural Gas Distribution
ENPH,Enphase Energy Inc. Common Stock,$92.86,2.19,2.415%,12680145918.00,United States,2012,3690538,Technology,Semiconductors
ENTG,Entegris Inc. Common Stock,$102.86,-0.27,-0.262%,15445342705.00,United States,2000,1287634,Industrials,Plastic Products
EOG,EOG Resources Inc. Common Stock,$124.00,3.30,2.734%,72310550648.00,United States,,3667518,Energy,Oil & Gas Production
EPAM,EPAM Systems Inc. Common Stock,$258.24,2.29,0.895%,14900570922.00,United States,2012,619410,Technology,EDP Services
EPD,Enterprise Products Partners L.P. Common Stock,$26.27,0.28,1.077%,57055261409.00,United States,,4891379,Utilities,Natural Gas Distribution
EQIX,Equinix Inc. Common Stock REIT,$774.64,-5.73,-0.734%,72725855567.00,United States,2000,357047,Real Estate,Real Estate Investment Trusts
EQR,Equity Residential Common Shares of Beneficial Interest,$55.43,-0.01,-0.018%,21048153092.00,United States,,2366807,Real Estate,Real Estate Investment Trusts
EQT,EQT Corporation Common Stock,$40.37,0.32,0.799%,16605472840.00,United States,,4708392,Energy,Oil & Gas Production
ERIE,Erie Indemnity Company Class A Common Stock,$280.01,-0.98,-0.349%,12934112716.00,United States,,113251,Finance,Specialty Insurers
ES,Eversource Energy (D/B/A) Common Stock,$58.51,1.03,1.792%,20439076489.00,United States,,5534215,Utilities,Electric Utilities: Central
ESS,Essex Property Trust Inc. Common Stock,$211.02,-0.55,-0.26%,13544235136.00,United States,1994,280386,Real Estate,Real Estate Investment Trusts
ET,Energy Transfer LP Common Units ,$13.52,0.34,2.58%,42521290711.00,United States,,15016904,Utilities,Natural Gas Distribution
ETR,Entergy Corporation Common Stock,$99.11,0.26,0.263%,20959096364.00,United States,,2194806,Utilities,Electric Utilities: Central
EVRG,Evergy Inc. Common Stock,$50.39,0.06,0.119%,11575628945.00,United States,,3568557,Utilities,Power Generation
EW,Edwards Lifesciences Corporation Common Stock,$66.90,-0.57,-0.845%,40574850000.00,United States,,3368696,Health Care,Industrial Specialties
EXAS,Exact Sciences Corporation Common Stock,$66.30,5.13,8.386%,11990351287.00,United States,2001,2128063,Health Care,Medical Specialities
EXC,Exelon Corporation Common Stock,$38.95,-0.53,-1.342%,38772287353.00,United States,,10868976,Utilities,Power Generation
EXPD,Expeditors International of Washington Inc. Common Stock,$118.98,1.17,0.993%,17298427362.00,United States,,1276762,Consumer Discretionary,Oil Refining/Marketing
EXPE,Expedia Group Inc. Common Stock,$136.38,6.56,5.053%,18936121880.00,United States,,4811767,Consumer Discretionary,Transportation Services
EXR,Extra Space Storage Inc Common Stock,$128.26,-1.84,-1.414%,27098493450.00,United States,2004,1445660,Real Estate,Real Estate Investment Trusts
F,Ford Motor Company Common Stock,$10.27,0.11,1.083%,41110342068.00,United States,,36495019,Consumer Discretionary,Auto Manufacturing
FANG,Diamondback Energy Inc. Common Stock,$156.15,3.65,2.393%,27948493853.00,United States,2012,2182680,Energy,Oil & Gas Production
FAST,Fastenal Company Common Stock,$60.75,0.09,0.148%,34713349774.00,United States,1987,2414446,Consumer Discretionary,RETAIL: Building Materials
FCNCA,First Citizens BancShares Inc. Class A Common Stock,$1460.11,9.31,0.642%,21200947591.00,United States,,57024,Finance,Major Banks
FCX,Freeport-McMoRan Inc. Common Stock,$36.00,0.46,1.294%,51623180784.00,United States,,8961352,Basic Materials,Metal Mining
FDS,FactSet Research Systems Inc. Common Stock,$457.34,-6.94,-1.495%,17373640467.00,United States,2000,190680,Technology,Computer Software: Programming Data Processing
FDX,FedEx Corporation Common Stock,$255.95,1.01,0.396%,64351063410.00,United States,,1231382,Consumer Discretionary,Air Freight/Delivery Services
FE,FirstEnergy Corp. Common Stock,$37.18,0.14,0.378%,21334435119.00,United States,,3294753,Utilities,Electric Utilities: Central
FI,Fiserv Inc. Common Stock,$124.08,-0.75,-0.601%,74471043641.00,United States,,5007185,Consumer Discretionary,Business Services
FICO,Fair Isaac Corproation Common Stock,$1042.27,8.21,0.794%,25758199054.00,United States,,101614,Consumer Discretionary,Business Services
FIS,Fidelity National Information Services Inc. Common Stock,$54.67,0.77,1.429%,32391078467.00,United States,,3834402,Consumer Discretionary,Business Services
FITB,Fifth Third Bancorp Common Stock,$27.56,0.43,1.585%,18768817937.00,United States,,4667720,Finance,Major Banks
FITBI,Fifth Third Bancorp Depositary Shares,$25.05,0.04,0.16%,17059466231.00,United States,,20756,Finance,Major Banks
FITBO,Fifth Third Bancorp Depositary Shares each representing a 1/1000th ownership interest in a share of Non-Cumulative Perpetual Preferred Stock Series K,$21.6352,-0.5248,-2.368%,14733930690.00,United States,,26923,Finance,Major Banks
FITBP,Fifth Third Bancorp Depositary Shares each representing 1/40th share of Fifth Third 6.00% Non-Cumulative Perpetual Class B Preferred Stock Series A,$23.95,-0.30,-1.237%,16310347953.00,United States,,23740,Finance,Major Banks
FIVE,Five Below Inc. Common Stock,$181.35,1.35,0.75%,10098607680.00,United States,2012,722138,Consumer Discretionary,Department/Specialty Retail Stores
FLT,FleetCor Technologies Inc. Common Stock,$232.81,0.82,0.353%,16809842807.00,United States,2010,377690,Technology,EDP Services
FMX,Fomento Economico Mexicano S.A.B. de C.V. Common Stock,$126.77,0.88,0.699%,27397250590.00,Mexico,,870036,Consumer Staples,Beverages (Production/Distribution)
FNF,FNF Group of Fidelity National Financial Inc. Common Stock,$45.05,0.64,1.441%,12260728487.00,United States,2014,1721875,Finance,Specialty Insurers
FNV,Franco-Nevada Corporation,$120.42,-0.56,-0.463%,23127335713.00,Canada,,365473,,
FOX,Fox Corporation Class B Common Stock,$28.43,0.29,1.031%,13726219101.00,United States,,1821338,Industrials,Broadcasting
FOXA,Fox Corporation Class A Common Stock,$30.36,0.28,0.931%,14658037704.00,United States,,3644263,Industrials,Broadcasting
FSLR,First Solar Inc. Common Stock,$155.02,0.51,0.33%,16562989744.00,United States,2006,1876557,Technology,Semiconductors
FTNT,Fortinet Inc. Common Stock,$51.26,0.84,1.666%,39363046250.00,United States,2009,5021284,Technology,Computer peripheral equipment
FTS,Fortis Inc. Common Shares,$41.17,0.13,0.317%,20111545000.00,United States,2016,398510,Utilities,Electric Utilities: Central
FTV,Fortive Corporation Common Stock ,$68.10,0.47,0.695%,23932626049.00,United States,2016,1429013,Industrials,Industrial Machinery/Components
FWONA,Liberty Media Corporation Series A Liberty Formula One Common Stock,$57.69,0.54,0.945%,13532162326.00,United States,,194948,Industrials,Broadcasting
FWONK,Liberty Media Corporation Series C Liberty Formula One Common Stock,$63.86,0.38,0.599%,14979439871.00,United States,,1338523,Industrials,Broadcasting
GD,General Dynamics Corporation Common Stock,$244.69,-0.57,-0.232%,66775132673.00,United States,,1060605,Industrials,Marine Transportation
GDDY,GoDaddy Inc. Class A Common Stock,$92.11,-0.12,-0.13%,12999531368.00,United States,2015,1645314,Technology,EDP Services
GE,General Electric Company Common Stock,$119.93,0.99,0.832%,130530138137.00,United States,,4139191,Technology,Consumer Electronics/Appliances
GEHC,GE HealthCare Technologies Inc. Common Stock ,$73.00,1.08,1.502%,33232737102.00,United States,,2920038,Technology,Computer Software: Prepackaged Software
GEN,Gen Digital Inc. Common Stock,$20.66,0.385,1.899%,13237177478.00,United States,,5786982,Technology,Computer Software: Prepackaged Software
GFS,GlobalFoundries Inc. Ordinary Shares,$56.31,-0.11,-0.195%,30844365600.00,United States,2021,819859,Technology,Semiconductors
GGG,Graco Inc. Common Stock,$80.59,1.02,1.282%,13602631206.00,United States,,953025,Industrials,Fluid Controls
GIB,CGI Inc. Common Stock,$101.17,-1.20,-1.172%,23809682673.00,Canada,,123675,Consumer Discretionary,Professional Services
GILD,Gilead Sciences Inc. Common Stock,$75.45,0.93,1.248%,94013860978.00,United States,1992,7874507,Health Care,Biotechnology: Pharmaceutical Preparations
GIS,General Mills Inc. Common Stock,$64.76,-0.26,-0.40%,37643642870.00,United States,,4623172,Consumer Staples,Food Chains
GL,Globe Life Inc. Common Stock,$118.30,0.89,0.758%,11134246942.00,United States,,476463,Finance,Life Insurance
GLPI,Gaming and Leisure Properties Inc. Common Stock,$45.41,-0.09,-0.198%,12125184299.00,United States,,2542080,Real Estate,Real Estate Investment Trusts
GLW,Corning Incorporated Common Stock,$28.48,0.10,0.352%,24298420554.00,United States,,3059167,Technology,Industrial Machinery/Components
GM,General Motors Company Common Stock,$28.03,0.55,2.001%,38386558204.00,United States,2010,19919821,Consumer Discretionary,Auto Manufacturing
GOLD,Barrick Gold Corporation Common Stock (BC),$15.71,-0.17,-1.071%,27579266330.00,Canada,,9300549,,
GOOG,Alphabet Inc. Class C Capital Stock,$136.94,-1.76,-1.269%,1713941040000.00,United States,2004,25565319,Technology,Computer Software: Programming Data Processing
GOOGL,Alphabet Inc. Class A Common Stock,$135.31,-1.62,-1.183%,1693539960000.00,United States,2004,37240547,Technology,Computer Software: Programming Data Processing
GPC,Genuine Parts Company Common Stock,$137.41,-0.06,-0.044%,19264419066.00,United States,,1481408,Consumer Discretionary,Automotive Aftermarket
GPN,Global Payments Inc. Common Stock,$112.05,0.24,0.215%,29176536579.00,United States,,1170551,Consumer Discretionary,Business Services
GS,Goldman Sachs Group Inc. (The) Common Stock,$339.19,2.52,0.749%,110614086664.00,United States,1999,1465176,Finance,Investment Bankers/Brokers/Service
GWW,W.W. Grainger Inc. Common Stock,$802.20,7.15,0.899%,39816515130.00,United States,,207214,Industrials,Office Equipment/Supplies/Services
H,Hyatt Hotels Corporation Class A Common Stock,$115.33,1.69,1.487%,11895013835.00,United States,2009,490709,Consumer Discretionary,Hotels/Resorts
HAL,Halliburton Company Common Stock,$37.99,0.81,2.179%,34003015679.00,United States,,6189300,Energy,Oilfield Services/Equipment
HBAN,Huntington Bancshares Incorporated Common Stock,$11.08,0.17,1.558%,16044672030.00,United States,,9397042,Finance,Major Banks
HBANM,Huntington Bancshares Incorporated Depositary Shares each representing a 1/1000th interest in a share of Huntington Series I Preferred Stock,$19.8409,0.1809,0.92%,28731113113.00,United States,,6215,Finance,Major Banks
HBANP,Huntington Bancshares Incorporated Depositary Shares 4.500% Series H Non-Cumulative Perpetual Preferred Stock,$17.45,0.15,0.867%,25268910373.00,United States,,42892,Finance,Major Banks
HCA,HCA Healthcare Inc. Common Stock,$246.38,5.96,2.479%,65946267904.00,United States,2011,3050139,Health Care,Hospital/Nursing Management
HD,Home Depot Inc. (The) Common Stock,$307.27,0.83,0.271%,307290274289.00,United States,,2770271,Consumer Discretionary,RETAIL: Building Materials
HEI,Heico Corporation Common Stock,$169.97,0.00,0.00%,23487724616.00,United States,2000,198017,Industrials,Aerospace
HES,Hess Corporation Common Stock,$144.45,2.99,2.114%,44368060176.00,United States,,2420507,Energy,Integrated oil Companies
HIG,Hartford Financial Services Group Inc. (The) Common Stock,$76.54,0.19,0.249%,23020922635.00,United States,,1730998,Finance,Property-Casualty Insurers
HLT,Hilton Worldwide Holdings Inc. Common Stock ,$168.29,1.12,0.67%,43156338928.00,United States,2016,1134938,Consumer Discretionary,Hotels/Resorts
HOLX,Hologic Inc. Common Stock,$71.87,-0.76,-1.046%,17603987361.00,United States,1990,2037318,Health Care,Medical Electronics
HON,Honeywell International Inc. Common Stock,$191.21,0.50,0.262%,126055315639.00,United States,,2207651,Industrials,Aerospace
HPE,Hewlett Packard Enterprise Company Common Stock,$15.93,0.19,1.207%,20436034974.00,United States,2015,8801031,Technology,Retail: Computer Software & Peripheral Equipment
HPQ,HP Inc. Common Stock,$28.31,0.10,0.354%,27977888907.00,United States,,7957439,Technology,Computer Manufacturing
HRL,Hormel Foods Corporation Common Stock,$32.52,-0.14,-0.429%,17771566705.00,United States,,3708358,Consumer Staples,Meat/Poultry/Fish
HST,Host Hotels & Resorts Inc. Common Stock,$17.26,0.19,1.113%,12175842827.00,United States,,5095595,Real Estate,Real Estate Investment Trusts
HSY,The Hershey Company Common Stock,$196.00,0.16,0.082%,40081644064.00,United States,,1074730,Consumer Staples,Specialty Foods
HUBB,Hubbell Inc Common Stock,$300.86,11.27,3.892%,16132729963.00,United States,2015,682329,Technology,Electrical Products
HUBS,HubSpot Inc. Common Stock,$468.62,2.95,0.633%,23585899061.00,United States,2014,484382,Technology,Computer Software: Prepackaged Software
HUM,Humana Inc. Common Stock,$498.09,-14.82,-2.889%,61320218525.00,United States,,1499642,Health Care,Medical Specialities
HWM,Howmet Aerospace Inc. Common Stock,$51.47,-0.06,-0.116%,21192481900.00,United States,,2113656,Industrials,Metal Fabrications
IBM,International Business Machines Corporation Common Stock,$152.89,-0.17,-0.111%,139606699849.00,United States,,4426519,Technology,Computer Manufacturing
ICE,Intercontinental Exchange Inc. Common Stock,$111.40,-0.87,-0.775%,63761339128.00,United States,2005,1785475,Finance,Investment Bankers/Brokers/Service
IDXX,IDEXX Laboratories Inc. Common Stock,$463.69,-2.95,-0.632%,38510243700.00,United States,1991,666897,Health Care,Biotechnology: In Vitro & In Vivo Diagnostic Substances
IEX,IDEX Corporation Common Stock,$198.01,0.42,0.213%,14974612977.00,United States,1989,328960,Industrials,Fluid Controls
IFF,International Flavors & Fragrances Inc. Common Stock,$73.94,-0.70,-0.938%,18875339168.00,United States,,1153239,Industrials,Major Chemicals
ILMN,Illumina Inc. Common Stock,$94.32,-0.88,-0.924%,14978016000.00,United States,2000,6943221,Health Care,Medical Specialities
IMO,Imperial Oil Limited Common Stock,$57.65,2.14,3.855%,33676420450.00,Canada,1929,477281,,
INCY,Incyte Corp. Common Stock,$54.27,0.28,0.519%,12162408346.00,United States,,2990942,Health Care,Biotechnology: Commercial Physical & Biological Resarch
INTC,Intel Corporation Common Stock,$43.81,0.46,1.061%,184702960000.00,United States,,49735019,Technology,Semiconductors
INTU,Intuit Inc. Common Stock,$560.16,3.21,0.576%,156990157599.00,United States,1993,1127050,Technology,Computer Software: Prepackaged Software
INVH,Invitation Homes Inc. Common Stock,$33.53,-0.01,-0.03%,20518959754.00,United States,2017,5102580,Finance,Real Estate
IOT,Samsara Inc. Class A Common Stock,$26.88,0.30,1.129%,14379511292.00,United States,2021,2010807,Technology,Retail: Computer Software & Peripheral Equipment
IP,International Paper Company Common Stock,$33.38,-0.24,-0.714%,11550057908.00,United States,,2292874,Basic Materials,Paper
IPG,Interpublic Group of Companies Inc. (The) Common Stock,$30.34,0.51,1.71%,11620345335.00,United States,,2707786,Consumer Discretionary,Advertising
IQV,IQVIA Holdings Inc. Common Stock,$204.79,0.00,0.00%,37374175000.00,United States,2013,693583,Health Care,Biotechnology: Commercial Physical & Biological Resarch
IR,Ingersoll Rand Inc. Common Stock,$70.32,0.12,0.171%,28465323352.00,United States,2017,1942976,Industrials,Industrial Machinery/Components
IRM,Iron Mountain Incorporated (Delaware)Common Stock REIT,$62.23,0.20,0.322%,18170510817.00,United States,,1082129,Real Estate,Real Estate Investment Trusts
ISRG,Intuitive Surgical Inc. Common Stock,$305.28,1.33,0.438%,107480415606.00,United States,2000,2993424,Health Care,Industrial Specialties
IT,Gartner Inc. Common Stock,$417.61,-2.49,-0.593%,32552119857.00,United States,1993,521753,Consumer Discretionary,Other Consumer Services
ITW,Illinois Tool Works Inc. Common Stock,$239.92,0.90,0.377%,72188540330.00,United States,,1251658,Industrials,Industrial Machinery/Components
J,Jacobs Solutions Inc. Common Stock,$135.32,2.22,1.668%,17039162866.00,United States,2022,1291137,Industrials,Military/Government/Technical
JBHT,J.B. Hunt Transport Services Inc. Common Stock,$178.08,-0.59,-0.33%,18367670714.00,United States,,880690,Industrials,Trucking Freight/Courier Services
JBL,Jabil Inc. Common Stock,$131.39,0.61,0.466%,16810701959.00,United States,1993,1099002,Technology,Electrical Products
JKHY,Jack Henry & Associates Inc. Common Stock,$152.30,-1.11,-0.724%,11091735165.00,United States,1985,363526,Technology,EDP Services
JNJ,Johnson & Johnson Common Stock,$149.79,-0.31,-0.207%,360586264490.00,United States,,7023265,Health Care,Biotechnology: Pharmaceutical Preparations
JPM,JP Morgan Chase & Co. Common Stock,$152.82,1.37,0.905%,441803894672.00,United States,,7812268,Finance,Major Banks
K,Kellanova Common Stock,$52.80,0.60,1.149%,18085042430.00,United States,,3188111,Consumer Staples,Packaged Foods
KDP,Keurig Dr Pepper Inc. Common Stock,$31.73,-0.05,-0.157%,44369204548.00,United States,,6947395,Consumer Staples,Beverages (Production/Distribution)
KEY,KeyCorp Common Stock,$12.32,0.24,1.987%,11534726416.00,United States,,15314564,Finance,Major Banks
KEYS,Keysight Technologies Inc. Common Stock,$133.18,0.38,0.286%,23649393485.00,United States,2014,1154099,Industrials,Industrial Machinery/Components
KHC,The Kraft Heinz Company Common Stock,$33.66,-0.15,-0.444%,41285292440.00,United States,,6461505,Consumer Staples,Packaged Foods
KIM,Kimco Realty Corporation (HC) Common Stock,$18.80,0.02,0.106%,11653634396.00,United States,,5562613,Real Estate,Real Estate Investment Trusts
KKR,KKR & Co. Inc. Common Stock,$66.92,0.89,1.348%,59224780598.00,United States,,2357940,Finance,Investment Managers
KLAC,KLA Corporation Common Stock,$544.54,-0.85,-0.156%,74020583355.00,United States,1980,1315568,Technology,Electronic Components
KMB,Kimberly-Clark Corporation Common Stock,$121.20,-0.51,-0.419%,40958451745.00,United States,,1934094,Consumer Discretionary,Containers/Packaging
KMI,Kinder Morgan Inc. Common Stock,$16.96,0.14,0.832%,37698245904.00,United States,2011,13708239,Utilities,Natural Gas Distribution
KMX,CarMax Inc,$63.97,-0.18,-0.281%,10150006609.00,United States,,2195925,Consumer Discretionary,Other Specialty Stores
KO,Coca-Cola Company (The) Common Stock,$57.26,0.11,0.192%,247558674761.00,United States,,14475082,Consumer Staples,Beverages (Production/Distribution)
KOF,Coca Cola Femsa S.A.B. de C.V.  American Depositary Shares each representing 10 Units (each Unit consists of 3 Series B Shares and 5 Series L Shares),$84.38,-0.54,-0.636%,17726822610.00,Mexico,1993,75880,Consumer Staples,Beverages (Production/Distribution)
KR,Kroger Company (The) Common Stock,$42.44,-0.22,-0.516%,30527761618.00,United States,,10563187,Consumer Staples,Food Chains
L,Loews Corporation Common Stock,$67.00,-0.06,-0.089%,14957793014.00,United States,,797310,Finance,Property-Casualty Insurers
LAMR,Lamar Advertising Company Class A Common Stock,$98.06,1.45,1.501%,10001949474.00,United States,1996,735439,Real Estate,Real Estate Investment Trusts
LBRDA,Liberty Broadband Corporation Class A Common Stock,$83.20,-0.31,-0.371%,12152701267.00,United States,,64181,Telecommunications,Cable & Other Pay Television Services
LBRDK,Liberty Broadband Corporation Class C Common Stock,$83.33,-0.34,-0.406%,12171689863.00,United States,,926451,Telecommunications,Cable & Other Pay Television Services
LDOS,Leidos Holdings Inc. Common Stock,$105.26,0.59,0.564%,14473926611.00,United States,,731259,Technology,EDP Services
LECO,Lincoln Electric Holdings Inc. Common Shares,$195.19,0.54,0.277%,11164816470.00,United States,,227539,Industrials,Industrial Machinery/Components
LEGN,Legend Biotech Corporation American Depositary Shares,$64.56,0.98,1.541%,10656741014.00,United States,2020,918767,Health Care,Biotechnology: Pharmaceutical Preparations
LEN,Lennar Corporation Class A Common Stock,$127.49,0.41,0.323%,36252406074.00,United States,,1810050,Consumer Discretionary,Homebuilding
LH,Laboratory Corporation of America Holdings Common Stock,$211.72,0.99,0.47%,17975028000.00,United States,,1287260,Health Care,Medical Specialities
LHX,L3Harris Technologies Inc. Common Stock,$185.69,-0.57,-0.306%,35195728837.00,United States,,889648,Industrials,Industrial Machinery/Components
LII,Lennox International Inc. Common Stock,$405.61,0.50,0.123%,14415267857.00,United States,1999,288104,Industrials,Industrial Machinery/Components
LIN,Linde plc Ordinary Shares,$407.88,-0.51,-0.125%,197777131430.00,United States,,1542472,Industrials,Major Chemicals
LKQ,LKQ Corporation Common Stock,$45.53,0.48,1.065%,12183751464.00,United States,2003,1149469,Consumer Discretionary,Motor Vehicles
LLY,Eli Lilly and Company Common Stock,$591.71,2.96,0.503%,561714585205.00,United States,,2628198,Health Care,Biotechnology: Pharmaceutical Preparations
LMT,Lockheed Martin Corporation Common Stock,$444.68,-0.91,-0.204%,110324536586.00,United States,,898561,Industrials,Aerospace
LNG,Cheniere Energy Inc. Common Stock,$173.50,-0.33,-0.19%,41337219251.00,United States,2001,1162638,Utilities,Oil/Gas Transmission
LNT,Alliant Energy Corporation Common Stock,$49.23,-0.25,-0.505%,12562466453.00,United States,,4120850,Utilities,Power Generation
LOGI,Logitech International S.A. Ordinary Shares,$85.05,0.12,0.141%,13500642236.00,United States,1997,326362,Technology,Computer peripheral equipment
LOW,Lowe's Companies Inc. Common Stock,$203.70,1.42,0.702%,117558370110.00,United States,,2216081,Consumer Discretionary,RETAIL: Building Materials
LPLA,LPL Financial Holdings Inc. Common Stock,$224.46,3.44,1.556%,16973789326.00,United States,2010,945506,Finance,Investment Bankers/Brokers/Service
LRCX,Lam Research Corporation Common Stock,$700.34,-0.10,-0.014%,92299209280.00,United States,1984,1026507,Technology,Industrial Machinery/Components
LULU,lululemon athletica inc. Common Stock,$422.44,2.16,0.514%,51294896551.00,Canada,2007,1219773,Consumer Discretionary,Apparel
LUV,Southwest Airlines Company Common Stock,$24.81,0.52,2.141%,14789622578.00,United States,,6824385,Consumer Discretionary,Air Freight/Delivery Services
LVS,Las Vegas Sands Corp. Common Stock,$49.08,-0.04,-0.081%,37521212096.00,United States,2004,3427860,Consumer Discretionary,Hotels/Resorts
LW,Lamb Weston Holdings Inc. Common Stock ,$95.80,0.10,0.104%,13884011486.00,United States,2016,2722906,Consumer Staples,Packaged Foods
LYV,Live Nation Entertainment Inc. Common Stock,$89.60,0.50,0.561%,20637152256.00,United States,,1398099,Consumer Discretionary,Services-Misc. Amusement & Recreation
MA,Mastercard Incorporated Common Stock,$400.30,3.20,0.806%,375391757218.00,United States,2006,2365538,Consumer Discretionary,Business Services
MAA,Mid-America Apartment Communities Inc. Common Stock,$121.42,-0.38,-0.312%,14168196371.00,United States,1994,1775915,Real Estate,Real Estate Investment Trusts
MANH,Manhattan Associates Inc. Common Stock,$221.86,0.61,0.276%,13658845732.00,United States,1998,372518,Technology,Computer Software: Prepackaged Software
MAR,Marriott International Class A Common Stock,$205.77,2.09,1.026%,60432868678.00,United States,,1295252,Consumer Discretionary,Hotels/Resorts
MAS,Masco Corporation Common Stock,$60.11,0.74,1.246%,13494749760.00,United States,,1382117,Industrials,Industrial Specialties
MCD,McDonald's Corporation Common Stock,$275.75,-0.37,-0.134%,200013064773.00,United States,,2604774,Consumer Discretionary,Restaurants
MCHP,Microchip Technology Incorporated Common Stock,$83.53,1.37,1.667%,45193513742.00,United States,1993,4887865,Technology,Semiconductors
MCK,McKesson Corporation Common Stock,$450.20,-0.58,-0.129%,59904730747.00,United States,,860751,Health Care,Other Pharmaceuticals
MCO,Moody's Corporation Common Stock,$356.67,3.10,0.877%,65270610000.00,United States,,865803,Finance,Finance: Consumer Services
MDB,MongoDB Inc. Class A Common Stock,$392.57,3.50,0.90%,28007755511.00,United States,2017,646260,Technology,Computer Software: Prepackaged Software
MDLZ,Mondelez International Inc. Class A Common Stock,$70.63,0.01,0.014%,96120055169.00,United States,,5427841,Consumer Staples,Packaged Foods
MDT,Medtronic plc. Ordinary Shares,$74.76,-0.12,-0.16%,99470700384.00,United States,,6262628,Health Care,Biotechnology: Electromedical & Electrotherapeutic Apparatus
MET,MetLife Inc. Common Stock,$62.55,0.52,0.838%,46298898824.00,United States,2000,4120841,Finance,Life Insurance
META,Meta Platforms Inc. Class A Common Stock,$335.04,0.85,0.254%,861006809729.00,United States,2012,14494415,Technology,Computer Software: Programming Data Processing
MFC,Manulife Financial Corporation Common Stock,$19.18,0.37,1.967%,34869240000.00,Canada,,2239783,Finance,Life Insurance
MGA,Magna International Inc. Common Stock,$56.03,1.46,2.675%,16044830531.00,Canada,,723438,Consumer Discretionary,Auto Parts:O.E.M.
MGM,MGM Resorts International Common Stock,$39.80,-0.41,-1.02%,13595018564.00,United States,,5699576,Consumer Discretionary,Hotels/Resorts
MKC,McCormick & Company Incorporated Common Stock,$66.36,0.32,0.485%,17806498381.00,United States,,1765194,Consumer Staples,Packaged Foods
MKL,Markel Group Inc. Common Stock,$1403.48,22.48,1.628%,18551948098.00,United States,1986,63865,Finance,Property-Casualty Insurers
MLM,Martin Marietta Materials Inc. Common Stock,$462.06,2.05,0.446%,28558616812.00,United States,1994,282769,Industrials,Mining & Quarrying of Nonmetallic Minerals (No Fuels)
MMC,Marsh & McLennan Companies Inc. Common Stock,$197.86,-0.46,-0.232%,97559312781.00,United States,,1453610,Finance,Specialty Insurers
MMM,3M Company Common Stock,$95.34,-0.37,-0.387%,52657906403.00,United States,,7586670,Health Care,Medical/Dental Instruments
MNST,Monster Beverage Corporation,$54.79,-0.31,-0.563%,57005781457.00,United States,,7936329,Consumer Staples,Beverages (Production/Distribution)
MO,Altria Group Inc.,$40.82,0.12,0.295%,72196157233.00,United States,,6658653,Health Care, Medicinal Chemicals and Botanical Products 
MOH,Molina Healthcare Inc Common Stock,$353.31,-12.04,-3.295%,20597973000.00,United States,2003,465932,Health Care,Medical Specialities
MORN,Morningstar Inc. Common Stock,$271.04,0.28,0.103%,11573353250.00,United States,2005,111871,Finance,Investment Managers
MOS,Mosaic Company (The) Common Stock,$36.15,-0.63,-1.713%,11815101698.00,United States,,3667855,Industrials,Agricultural Chemicals
MPC,Marathon Petroleum Corporation Common Stock,$147.90,2.80,1.93%,56157227268.00,United States,,3451401,Energy,Integrated oil Companies
MPLX,MPLX LP Common Units Representing Limited Partner Interests,$35.93,0.46,1.297%,35973728391.00,United States,2012,1190575,Energy,Natural Gas Distribution
MPWR,Monolithic Power Systems Inc. Common Stock,$540.02,3.04,0.566%,25873438240.00,United States,2004,304327,Technology,Semiconductors
MRK,Merck & Company Inc. Common Stock (new),$101.75,-0.24,-0.235%,257836848797.00,United States,,6767044,Health Care,Biotechnology: Pharmaceutical Preparations
MRNA,Moderna Inc. Common Stock,$76.44,-0.11,-0.144%,29145348654.00,United States,2018,3157521,Health Care,Biotechnology: Biological Products (No Diagnostic Substances)
MRO,Marathon Oil Corporation Common Stock,$25.56,0.81,3.273%,14958922470.00,United States,,11221589,Energy,Oil & Gas Production
MRVL,Marvell Technology Inc. Common Stock,$55.58,0.92,1.683%,47954424000.00,United States,2000,6730481,Technology,Semiconductors
MS,Morgan Stanley Common Stock,$80.28,0.62,0.778%,131764493642.00,United States,,6080661,Finance,Investment Bankers/Brokers/Service
MSCI,MSCI Inc. Common Stock,$521.42,-2.85,-0.544%,41239728290.00,United States,,354045,Consumer Discretionary,Business Services
MSFT,Microsoft Corporation Common Stock,$369.85,-6.32,-1.68%,2748822222381.00,United States,1986,40156145,Technology,Computer Software: Prepackaged Software
MSI,Motorola Solutions Inc. Common Stock,$318.25,0.99,0.312%,52819470670.00,United States,,694921,Technology,Radio And Television Broadcasting And Communications Equipment
MTB,M&T Bank Corporation Common Stock,$126.73,3.26,2.64%,21032153001.00,United States,,842474,Finance,Major Banks
MU,Micron Technology Inc. Common Stock,$77.56,0.89,1.161%,85163553571.00,United States,,9376877,Technology,Semiconductors
NBIX,Neurocrine Biosciences Inc. Common Stock,$108.94,0.17,0.156%,10703564492.00,United States,1996,517209,Health Care,Biotechnology: Biological Products (No Diagnostic Substances)
NDAQ,Nasdaq Inc. Common Stock,$53.48,-0.06,-0.112%,30856065204.00,United States,,1816493,Finance,Investment Bankers/Brokers/Service
NDSN,Nordson Corporation Common Stock,$233.46,1.74,0.751%,13310604470.00,United States,,198527,Industrials,Industrial Machinery/Components
NEE,NextEra Energy Inc. Common Stock,$57.37,0.77,1.36%,117706473101.00,United States,,10136275,Technology,EDP Services
NEM,Newmont Corporation,$36.35,-0.21,-0.574%,28890987016.00,United States,,8347251,Basic Materials,Precious Metals
NET,Cloudflare Inc. Class A Common Stock,$72.69,1.99,2.815%,24407254105.00,United States,2019,3262082,Technology,Computer Software: Prepackaged Software
NFLX,Netflix Inc. Common Stock,$465.91,-1.04,-0.223%,203919334584.00,United States,2002,2798493,Consumer Discretionary,Consumer Electronics/Video Chains
NI,NiSource Inc Common Stock,$26.08,0.31,1.203%,10781874701.00,United States,,11175519,Utilities,Power Generation
NIMC,NiSource Inc Series A Corporate Units,$104.26,1.10,1.066%,43102693879.00,United States,2021,5238,Utilities,Power Generation
NIO,NIO Inc. American depositary shares each  representing one Class A ordinary share,$7.39,-0.01,-0.135%,12704190975.00,United States,2018,26644426,Consumer Discretionary,Auto Manufacturing
NKE,Nike Inc. Common Stock,$105.96,-1.65,-1.533%,161261596845.00,United States,,6352558,Consumer Discretionary,Shoe Manufacturing
NOC,Northrop Grumman Corporation Common Stock,$464.17,0.29,0.063%,69993403463.00,United States,,519790,Industrials,Industrial Machinery/Components
NOW,ServiceNow Inc. Common Stock,$654.36,2.08,0.319%,134143800000.00,United States,2012,792551,Technology,Computer Software: Prepackaged Software
NRG,NRG Energy Inc. Common Stock,$48.08,0.51,1.072%,10854754083.00,United States,,3297144,Utilities,Electric Utilities: Central
NSC,Norfolk Southern Corporation Common Stock,$211.04,2.70,1.296%,47723811927.00,United States,,1219315,Industrials,Railroads
NTAP,NetApp Inc. Common Stock,$77.52,0.73,0.951%,16185490336.00,United States,1995,1227940,Technology,Electronic Components
NTR,Nutrien Ltd. Common Shares,$56.54,-0.65,-1.137%,27960847535.00,Canada,2004,1450636,Industrials,Agricultural Chemicals
NTRS,Northern Trust Corporation Common Stock,$75.38,0.74,0.991%,15606401571.00,United States,,992689,Finance,Major Banks
NUE,Nucor Corporation Common Stock,$156.76,1.82,1.175%,38537721483.00,United States,,983067,Industrials,Steel/Iron Ore
NVDA,NVIDIA Corporation Common Stock,$492.98,-1.82,-0.368%,1217660600000.00,United States,1999,32519099,Technology,Semiconductors
NVR,NVR Inc. Common Stock,$6298.00,7.41,0.118%,20021530940.00,United States,1998,23048,Consumer Discretionary,Homebuilding
O,Realty Income Corporation Common Stock,$52.91,-0.18,-0.339%,38302800004.00,United States,,7215113,Real Estate,Real Estate Investment Trusts
OC,Owens Corning Inc Common Stock New,$131.37,2.08,1.609%,11675502970.00,United States,,844614,Industrials,Industrial Machinery/Components
ODFL,Old Dominion Freight Line Inc. Common Stock,$399.90,2.11,0.53%,43634550235.00,United States,1991,523904,Industrials,Trucking Freight/Courier Services
OKE,ONEOK Inc. Common Stock,$66.63,1.11,1.694%,38815355406.00,United States,,3071938,Utilities,Oil & Gas Production
OKTA,Okta Inc. Class A Common Stock,$70.22,0.60,0.862%,11519726314.00,United States,2017,1035054,Technology,Computer Software: Prepackaged Software
OMC,Omnicom Group Inc. Common Stock,$79.06,2.09,2.715%,15648675480.00,United States,,1666880,Consumer Discretionary,Advertising
ON,ON Semiconductor Corporation Common Stock,$70.03,0.57,0.821%,30161752018.00,United States,,4046456,Technology,Semiconductors
ORCL,Oracle Corporation Common Stock,$115.36,0.69,0.602%,316065750560.00,United States,1986,4791235,Technology,Computer Software: Prepackaged Software
ORLY,O'Reilly Automotive Inc. Common Stock,$968.55,-3.44,-0.354%,57301524596.00,United States,1993,418110,Consumer Discretionary,Auto & Home Supply Stores
OTEX,Open Text Corporation Common Shares,$38.74,0.22,0.571%,10507369969.00,Canada,1996,286135,Technology,EDP Services
OTIS,Otis Worldwide Corporation Common Stock ,$84.54,0.62,0.739%,34598740896.00,United States,2020,1775295,Technology,Consumer Electronics/Appliances
OVV,Ovintiv Inc. (DE),$45.00,1.15,2.623%,12280500000.00,Canada,,2253408,Energy,Oil & Gas Production
OWL,Blue Owl Capital Inc. Class A Common Stock,$13.59,0.02,0.147%,19147010742.00,United States,2020,3973765,Finance,Investment Managers
OXY,Occidental Petroleum Corporation Common Stock,$60.96,0.65,1.078%,53667406224.00,United States,,9177854,Energy,Oil & Gas Production
OZK,Bank OZK Common Stock,$41.69,0.96,2.357%,10137105018.00,United States,,668698,Finance,Major Banks
PAA,Plains All American Pipeline L.P. Common Units representing Limited Partner Interests,$15.54,0.26,1.702%,10893423636.00,United States,1998,2120536,Energy,Natural Gas Distribution
PAG,Penske Automotive Group Inc. Common Stock,$153.86,1.93,1.27%,10341565426.00,United States,,238946,Consumer Discretionary,Retail-Auto Dealers and Gas Stations
PANW,Palo Alto Networks Inc. Common Stock,$247.59,5.29,2.183%,76404938004.00,United States,,7556078,Technology,Computer peripheral equipment
PARAA,Paramount Global Class A Common Stock,$17.25,0.74,4.482%,11236760193.00,United States,,44448,Industrials,Broadcasting
PARAP,Paramount Global 5.75% Series A Mandatory Convertible Preferred Stock,$18.18,0.5664,3.216%,11842568134.00,United States,,42889,Industrials,Broadcasting
PATH,UiPath Inc. Class A Common Stock,$18.27,0.27,1.50%,10354304959.00,United States,2021,4496912,Technology,Computer Software: Prepackaged Software
PAYC,Paycom Software Inc. Common Stock,$177.50,3.85,2.217%,10690499288.00,United States,2014,1356085,Technology,Computer Software: Prepackaged Software
PAYX,Paychex Inc. Common Stock,$117.52,1.03,0.884%,42452030120.00,United States,1983,1275482,Consumer Discretionary,Business Services
PBA,Pembina Pipeline Corp. Ordinary Shares (Canada),$32.43,0.63,1.981%,17804070000.00,Canada,,956516,Energy,Oil & Gas Production
PCAR,PACCAR Inc. Common Stock,$91.36,0.45,0.495%,47788208925.00,United States,,2163942,Consumer Discretionary,Auto Manufacturing
PCG,Pacific Gas & Electric Co. Common Stock,$17.92,0.17,0.958%,51531228314.00,United States,,23491097,Utilities,Power Generation
PEG,Public Service Enterprise Group Incorporated Common Stock,$63.75,0.29,0.457%,31767536753.00,United States,,2105964,Utilities,Power Generation
PEP,PepsiCo Inc. Common Stock,$166.76,-0.95,-0.566%,229272314136.00,United States,,5583112,Consumer Staples,Beverages (Production/Distribution)
PFE,Pfizer Inc. Common Stock,$29.92,0.15,0.504%,168940685697.00,United States,,26983931,Health Care,Biotechnology: Pharmaceutical Preparations
PFG,Principal Financial Group Inc Common Stock,$72.54,1.06,1.483%,17294414677.00,United States,2001,1209431,Finance,Specialty Insurers
PFH,Prudential Financial Inc. 4.125% Junior Subordinated Notes due 2060,$18.76,-0.08,-0.425%,51650329196.00,United States,2020,31645,Finance,Life Insurance
PG,Procter & Gamble Company (The) Common Stock,$151.07,-1.76,-1.152%,356054799896.00,United States,,8495561,Consumer Discretionary,Package Goods/Cosmetics
PGR,Progressive Corporation (The) Common Stock,$157.57,-2.37,-1.482%,92184895716.00,United States,,2402527,Finance,Property-Casualty Insurers
PH,Parker-Hannifin Corporation Common Stock,$432.64,6.20,1.454%,55583780495.00,United States,,538586,Industrials,Metal Fabrications
PHM,PulteGroup Inc. Common Stock,$88.30,1.33,1.529%,19037036734.00,United States,,2079562,Consumer Discretionary,Homebuilding
PINS,Pinterest Inc. Class A Common Stock,$31.49,0.22,0.704%,21235550141.00,United States,2019,10713245,Technology,Computer Software: Programming Data Processing
PKG,Packaging Corporation of America Common Stock,$155.31,-0.18,-0.116%,13919549567.00,United States,2000,417974,Consumer Discretionary,Containers/Packaging
PLD,Prologis Inc. Common Stock,$110.07,-0.20,-0.181%,101701487970.00,United States,,3125056,Real Estate,Real Estate Investment Trusts
PLTR,Palantir Technologies Inc. Class A Common Stock,$20.49,0.72,3.642%,44586022171.00,United States,2020,69477502,Technology,Retail: Computer Software & Peripheral Equipment
PM,Philip Morris International Inc Common Stock,$91.95,0.67,0.734%,142743730872.00,United States,,3059739,Health Care, Medicinal Chemicals and Botanical Products 
PNC,PNC Financial Services Group Inc. (The) Common Stock,$130.26,0.92,0.711%,51887912989.00,United States,,2129114,Finance,Major Banks
PODD,Insulet Corporation Common Stock,$174.06,-0.70,-0.401%,12154195363.00,United States,2007,1997778,Health Care,Medical/Dental Instruments
POOL,Pool Corporation Common Stock,$350.22,2.85,0.82%,13546218567.00,United States,1995,240402,Consumer Discretionary,Industrial Specialties
PPG,PPG Industries Inc. Common Stock,$135.87,0.71,0.525%,32038146000.00,United States,,961746,Consumer Discretionary,Paints/Coatings
PPL,PPL Corporation Common Stock,$26.09,0.07,0.269%,19231575309.00,United States,,5279821,Utilities,Electric Utilities: Central
PR,Permian Resources Corporation Class A Common Stock,$13.26,0.36,2.791%,10260148073.00,United States,2022,7152572,Energy,Oil & Gas Production
PRU,Prudential Financial Inc. Common Stock,$95.75,1.12,1.184%,34565750000.00,United States,2001,1776024,Finance,Life Insurance
PSA,Public Storage Common Stock,$257.70,-1.81,-0.697%,45312978947.00,United States,,867977,Real Estate,Real Estate Investment Trusts
PSTG,Pure Storage Inc. Class A Common Stock,$36.65,0.49,1.355%,11433188536.00,United States,2015,2296115,Technology,Electronic Components
PSX,Phillips 66 Common Stock,$116.37,2.84,2.502%,51197630263.00,United States,,3354337,Energy,Integrated oil Companies
PTC,PTC Inc. Common Stock,$153.94,1.11,0.726%,18293184501.00,United States,,529358,Technology,Computer Software: Prepackaged Software
PWR,Quanta Services Inc. Common Stock,$183.11,-0.19,-0.104%,26603116208.00,United States,,633899,Industrials,Engineering & Construction
PXD,Pioneer Natural Resources Company Common Stock,$238.16,5.81,2.501%,55564843813.00,United States,,1825824,Energy,Oil & Gas Production
PYPL,PayPal Holdings Inc. Common Stock,$56.54,-0.28,-0.493%,60958048265.00,United States,,12138001,Consumer Discretionary,Business Services
QCOM,QUALCOMM Incorporated Common Stock,$129.47,0.77,0.598%,144100110000.00,United States,1991,6543172,Technology,Radio And Television Broadcasting And Communications Equipment
QRTEP,Qurate Retail Inc. 8.0% Fixed Rate Cumulative Redeemable Preferred Stock,$35.28,1.58,4.688%,13737940978.00,United States,,49838,Consumer Discretionary,Catalog/Specialty Distribution
QSR,Restaurant Brands International Inc. Common Shares,$71.12,0.31,0.438%,22209597470.00,Canada,2014,800542,Consumer Discretionary,Restaurants
RBA,RB Global Inc. Common Stock,$61.62,0.16,0.26%,11235345472.00,Canada,,1293035,Consumer Discretionary,Business Services
RBLX,Roblox Corporation Class A Common Stock,$37.91,-0.45,-1.173%,23645869594.00,United States,2021,11306351,Technology,EDP Services
RCI,Rogers Communication Inc. Common Stock,$42.79,0.59,1.398%,22617339140.00,Canada,,566396,Telecommunications,Cable & Other Pay Television Services
RCL,Royal Caribbean Cruises Ltd. Common Stock,$105.54,1.85,1.784%,27043052876.00,United States,1993,2727008,Consumer Discretionary,Marine Transportation
REG,Regency Centers Corporation Common Stock,$61.80,0.49,0.799%,11407104626.00,United States,1993,860867,Real Estate,Real Estate Investment Trusts
REGN,Regeneron Pharmaceuticals Inc. Common Stock,$802.43,5.89,0.739%,87422328371.00,United States,1991,354521,Health Care,Biotechnology: Pharmaceutical Preparations
RF,Regions Financial Corporation Common Stock,$16.41,0.33,2.052%,15262365633.00,United States,,6684958,Finance,Major Banks
RGA,Reinsurance Group of America Incorporated Common Stock,$158.53,1.02,0.648%,10448040925.00,United States,,437417,Finance,Life Insurance
RIVN,Rivian Automotive Inc. Class A Common Stock,$16.70,0.31,1.891%,15993883786.00,United States,2021,30200664,Consumer Discretionary,Auto Manufacturing
RJF,Raymond James Financial Inc. Common Stock,$104.32,1.11,1.075%,21786349766.00,United States,,590065,Finance,Investment Bankers/Brokers/Service
RKT,Rocket Companies Inc. Class A Common Stock,$9.01,0.08,0.896%,17860312860.00,United States,2020,1212553,Finance,Finance: Consumer Services
RMD,ResMed Inc. Common Stock,$148.94,0.04,0.027%,21907869075.00,United States,,1339715,Health Care,Medical/Dental Instruments
ROK,Rockwell Automation Inc. Common Stock,$275.26,2.48,0.909%,31564761434.00,United States,,653078,Industrials,Industrial Machinery/Components
ROKU,Roku Inc. Class A Common Stock,$92.97,3.47,3.877%,13247837501.00,United States,2017,6481331,Telecommunications,Cable & Other Pay Television Services
ROL,Rollins Inc. Common Stock,$39.44,-0.20,-0.505%,19090453120.00,United States,,1886877,Finance,Diversified Commercial Services
ROP,Roper Technologies Inc. Common Stock,$524.72,-0.38,-0.072%,56051701232.00,United States,1992,372458,Industrials,Industrial Machinery/Components
ROST,Ross Stores Inc. Common Stock,$128.82,8.67,7.216%,43622596397.00,United States,1985,9015348,Consumer Discretionary,Clothing/Shoe/Accessory Stores
RPM,RPM International Inc. Common Stock,$101.92,-0.17,-0.167%,13130176769.00,United States,,286567,Consumer Discretionary,Paints/Coatings
RPRX,Royalty Pharma plc Class A Ordinary Shares ,$26.60,0.07,0.264%,15891693461.00,United States,2020,1351466,Health Care,Biotechnology: Pharmaceutical Preparations
RS,Reliance Steel & Aluminum Co. Common Stock (DE),$272.42,0.58,0.213%,15656312204.00,United States,1994,242803,Industrials,Metal Fabrications
RSG,Republic Services Inc. Common Stock,$158.72,-0.16,-0.101%,49939105756.00,United States,1998,1321534,Utilities,Environmental Services
RTO,Rentokil Initial plc American Depositary Shares (each representing five (5) Ordinary Shares),$28.86,0.18,0.628%,72525180000.00,United States,2022,225953,Consumer Discretionary,Business Services
RTX,RTX Corporation Common Stock,$79.68,-0.55,-0.686%,114571974309.00,United States,,7343941,Industrials,Aerospace
RVTY,Revvity Inc. Common Stock,$87.97,-0.23,-0.261%,10856139125.00,United States,,630955,Industrials,Biotechnology: Laboratory Analytical Instruments
RY,Royal Bank Of Canada Common Stock,$88.00,0.99,1.138%,122759736000.00,Canada,,884633,Finance,Commercial Banks
RYAN,Ryan Specialty Holdings Inc. Class A Common Stock,$45.20,0.23,0.511%,17110453265.00,United States,2021,393981,Finance,Specialty Insurers
SAIA,Saia Inc. Common Stock,$416.37,4.67,1.134%,11053764529.00,United States,,202507,Industrials,Trucking Freight/Courier Services
SBAC,SBA Communications Corporation Class A Common Stock,$233.71,-2.30,-0.975%,25214278015.00,United States,1999,614975,Real Estate,Real Estate Investment Trusts
SBUX,Starbucks Corporation Common Stock,$105.57,-1.64,-1.53%,120919878000.00,United States,1992,6341825,Consumer Discretionary,Restaurants
SCCO,Southern Copper Corporation Common Stock,$74.75,-0.12,-0.16%,57790007558.00,United States,,787972,Basic Materials,Metal Mining
SCHW,Charles Schwab Corporation (The) Common Stock,$56.78,1.11,1.994%,103485828600.00,United States,,7366680,Finance,Investment Bankers/Brokers/Service
SE,Sea Limited American Depositary Shares each representing one Class A Ordinary Share,$37.57,-0.33,-0.871%,21217989694.00,United States,2017,5628331,Consumer Discretionary,Other Consumer Services
SGEN,Seagen Inc. Common Stock,$212.00,-0.91,-0.427%,39996486464.00,United States,2001,1345341,Health Care,Biotechnology: Biological Products (No Diagnostic Substances)
SHOP,Shopify Inc. Class A Subordinate Voting Shares,$68.34,1.06,1.576%,87766249672.00,Canada,2015,9331574,,
SHW,Sherwin-Williams Company (The) Common Stock,$270.28,0.98,0.364%,69182514805.00,United States,,1104398,Consumer Discretionary,RETAIL: Building Materials
SIRI,Sirius XM Holdings Inc. Common Stock,$5.08,-0.05,-0.975%,19501814291.00,United States,,8940153,Consumer Discretionary,Broadcasting
SJM,J.M. Smucker Company (The) New Common Stock,$111.69,0.42,0.377%,11407058858.00,United States,,1389143,Consumer Staples,Packaged Foods
SLF,Sun Life Financial Inc. Common Stock,$50.68,0.43,0.856%,29612090872.00,Canada,,416903,Finance,Life Insurance
SLMBP,SLM Corporation Floating Rate Non-Cumulative Preferred Stock Series B,$68.14,-0.86,-1.246%,15418109824.00,United States,,4452,Finance,Finance: Consumer Services
SMCI,Super Micro Computer Inc. Common Stock,$288.59,4.92,1.734%,15385755086.00,United States,2020,2331806,Technology,Computer Manufacturing
SNA,Snap-On Incorporated Common Stock,$277.76,3.04,1.107%,14660161412.00,United States,,225052,Consumer Discretionary,Industrial Machinery/Components
SNAP,Snap Inc. Class A Common Stock,$11.89,-0.18,-1.491%,19575642317.00,United States,2017,22109323,Technology,Computer Software: Programming Data Processing
SNOW,Snowflake Inc. Class A Common Stock,$161.85,0.88,0.547%,53361945000.00,United States,2020,1892667,Technology,Computer Software: Prepackaged Software
SNPS,Synopsys Inc. Common Stock,$534.78,1.33,0.249%,81331383655.00,United States,1992,599880,Technology,Computer Software: Prepackaged Software
SO,Southern Company (The) Common Stock,$69.77,-0.50,-0.712%,76092511980.00,United States,,4594491,Utilities,Power Generation
SOJE,Southern Company (The) Series 2020C 4.20% Junior Subordinated Notes due October 15 2060,$19.40,0.04,0.207%,14998343099.00,United States,2020,42374,Basic Materials,Metal Mining
SPG,Simon Property Group Inc. Common Stock,$121.68,1.26,1.046%,39697785214.00,United States,,1121280,Real Estate,Real Estate Investment Trusts
SPGI,S&P Global Inc. Common Stock,$408.12,4.14,1.025%,129292416000.00,United States,,1647144,Finance,Finance: Consumer Services
SPLK,Splunk Inc. Common Stock,$151.01,0.13,0.086%,25324377000.00,United States,2012,1925579,Technology,Computer Software: Prepackaged Software
SQ,Block Inc. Class A Common Stock,$58.19,1.91,3.394%,35734071670.00,United States,2015,12027748,Technology,Computer Software: Prepackaged Software
SRE,DBA Sempra Common Stock,$72.26,0.07,0.097%,45475245471.00,United States,,1844840,Utilities,Oil/Gas Transmission
SREA,DBA Sempra 5.750% Junior Subordinated Notes due 2079,$24.43,0.25,1.034%,15374484457.00,United States,2019,42187,Consumer Discretionary,Professional Services
SSNC,SS&C Technologies Holdings Inc. Common Stock,$55.00,0.24,0.438%,13613363995.00,United States,2010,1071814,Technology,Computer Software: Prepackaged Software
STE,STERIS plc (Ireland) Ordinary Shares,$200.23,-3.19,-1.568%,19782756237.00,United States,,656527,Health Care,Industrial Specialties
STLD,Steel Dynamics Inc.,$110.93,1.05,0.956%,17950301017.00,United States,1996,1046076,Industrials,Steel/Iron Ore
STT,State Street Corporation Common Stock,$70.19,0.90,1.299%,21659476637.00,United States,,1536827,Finance,Major Banks
STZ,Constellation Brands Inc. Common Stock,$235.63,-0.96,-0.406%,43281913801.00,United States,,1156154,Consumer Staples,Beverages (Production/Distribution)
SU,Suncor Energy  Inc. Common Stock,$33.79,1.40,4.322%,43852594420.00,Canada,,6811870,,
SUI,Sun Communities Inc. Common Stock,$122.70,-0.26,-0.211%,15269430703.00,United States,1993,609758,Real Estate,Real Estate Investment Trusts
SWK,Stanley Black & Decker Inc. Common Stock,$91.76,1.66,1.842%,14067855165.00,United States,,1013315,Consumer Discretionary,Industrial Machinery/Components
SWKS,Skyworks Solutions Inc. Common Stock,$94.20,0.83,0.889%,15014780471.00,United States,,1572185,Technology,Semiconductors
SYF,Synchrony Financial Common Stock,$29.88,0.97,3.355%,12364474277.00,United States,2014,3701421,Finance,Finance: Consumer Services
SYK,Stryker Corporation Common Stock,$288.38,-3.17,-1.087%,109554019167.00,United States,,1325861,Health Care,Medical/Dental Instruments
SYM,Symbotic Inc. Class A Common Stock,$37.20,1.21,3.362%,20677529604.00,United States,2021,838793,Industrials,Industrial Machinery/Components
SYY,Sysco Corporation Common Stock,$70.89,0.22,0.311%,35754928953.00,United States,,3271309,Consumer Discretionary,Food Distributors
T,AT&T Inc.,$15.90,0.02,0.126%,113685319876.00,United States,,27156772,Telecommunications,Telecommunications Equipment
TAP,Molson Coors Beverage Company Class B Common Stock,$59.38,0.39,0.661%,12087156943.00,Canada,,1295695,Consumer Staples,Beverages (Production/Distribution)
TBB,AT&T Inc. 5.350% Global Notes due 2066,$22.25,0.10,0.451%,159087947626.00,United States,2017,36533,Telecommunications,Telecommunications Equipment
TBC,AT&T Inc. 5.625% Global Notes due 2067,$23.37,0.09,0.387%,167095970158.00,United States,2018,41152,Telecommunications,Telecommunications Equipment
TD,Toronto Dominion Bank (The) Common Stock,$61.82,0.92,1.511%,112976050000.00,Canada,,1703404,Finance,Commercial Banks
TDG,Transdigm Group Incorporated Common Stock,$957.63,5.68,0.597%,52970445414.00,United States,2006,291021,Industrials,Military/Government/Technical
TDY,Teledyne Technologies Incorporated Common Stock,$390.49,0.84,0.216%,18425152332.00,United States,,195587,Industrials,Industrial Machinery/Components
TECK,Teck Resources Ltd Ordinary Shares,$36.00,0.70,1.983%,18720000000.00,Canada,,4380953,Industrials,Mining & Quarrying of Nonmetallic Minerals (No Fuels)
TER,Teradyne Inc. Common Stock,$92.09,1.35,1.488%,14078602062.00,United States,,1330847,Industrials,Electrical Products
TFC,Truist Financial Corporation Common Stock,$31.97,0.52,1.653%,42637368422.00,United States,,6918846,Finance,Major Banks
TGT,Target Corporation Common Stock,$129.89,-0.05,-0.038%,59957933719.00,United States,,5982476,Consumer Discretionary,Department/Specialty Retail Stores
TJX,TJX Companies Inc. (The) Common Stock,$88.84,0.47,0.532%,101640116417.00,United States,,9344577,Consumer Discretionary,Clothing/Shoe/Accessory Stores
TME,Tencent Music Entertainment Group American Depositary Shares each representing two Class A Ordinary Shares,$8.37,-0.10,-1.181%,14363565586.00,United States,2018,4938523,Consumer Discretionary,Broadcasting
TMO,Thermo Fisher Scientific Inc Common Stock,$466.42,-6.05,-1.281%,180211777961.00,United States,,1556337,Industrials,Industrial Machinery/Components
TMUS,T-Mobile US Inc. Common Stock,$147.71,0.22,0.149%,170822931113.00,United States,,3267751,Telecommunications,Telecommunications Equipment
TPG,TPG Inc. Class A Common Stock,$34.84,1.00,2.955%,10774240107.00,United States,2022,1100469,Finance,Investment Managers
TPL,Texas Pacific Land Corporation Common Stock,$1652.00,39.42,2.445%,12678880284.00,United States,,19408,Energy,Oil & Gas Production
TRGP,Targa Resources Inc. Common Stock,$86.02,2.17,2.588%,19180361112.00,United States,2010,1400669,Utilities,Natural Gas Distribution
TRI,Thomson Reuters Corp Common Shares,$137.36,0.63,0.461%,64985226161.00,United States,,497152,,
TRMB,Trimble Inc. Common Stock,$43.33,0.52,1.215%,10779098591.00,United States,1990,1832217,Industrials,Industrial Machinery/Components
TROW,T. Rowe Price Group Inc. Common Stock,$97.79,0.32,0.328%,21853162984.00,United States,1986,847384,Finance,Investment Bankers/Brokers/Service
TRP,TC Energy Corporation Common Stock,$36.70,0.58,1.606%,38057900000.00,Canada,,1909517,,
TRU,TransUnion Common Stock,$58.30,1.60,2.822%,11292710000.00,United States,2015,3160966,Finance,Finance: Consumer Services
TRV,The Travelers Companies Inc. Common Stock,$171.82,0.13,0.076%,39243592812.00,United States,,862280,Finance,Property-Casualty Insurers
TSCO,Tractor Supply Company Common Stock,$202.61,-0.45,-0.222%,21905018872.00,United States,1994,986431,Consumer Discretionary,RETAIL: Building Materials
TSLA,Tesla Inc. Common Stock,$234.30,0.71,0.304%,744821281911.00,United States,2010,142529837,Consumer Discretionary,Auto Manufacturing
TSN,Tyson Foods Inc. Common Stock,$48.74,0.41,0.848%,17314389265.00,United States,,2364402,Consumer Staples,Meat/Poultry/Fish
TTD,The Trade Desk Inc. Class A Common Stock,$66.47,0.17,0.256%,32590042454.00,United States,2016,5549469,Technology,Computer Software: Programming Data Processing
TTWO,Take-Two Interactive Software Inc. Common Stock,$154.39,-0.46,-0.297%,26256739852.00,United States,1997,1067242,Technology,Computer Software: Prepackaged Software
TU,Telus Corporation Ordinary Shares,$17.66,-0.01,-0.057%,25695300000.00,Canada,,2016818,,
TVE,Tennessee Valley Authority,$21.25,0.03,0.141%,16913428350.00,United States,,10067,Utilities,Electric Utilities: Central
TW,Tradeweb Markets Inc. Class A Common Stock,$93.42,1.12,1.213%,21929360166.00,United States,2019,514502,Finance,Investment Bankers/Brokers/Service
TWLO,Twilio Inc. Class A Common Stock,$63.11,1.56,2.535%,11425615021.00,United States,2016,2646790,Technology,Computer Software: Prepackaged Software
TXN,Texas Instruments Incorporated Common Stock,$154.62,2.73,1.797%,140426516860.00,United States,,7524202,Technology,Semiconductors
TXT,Textron Inc. Common Stock,$77.40,0.61,0.794%,15170822372.00,United States,,876415,Industrials,Aerospace
TYL,Tyler Technologies Inc. Common Stock,$411.34,-6.34,-1.518%,17327362669.00,United States,,345820,Technology,Computer Software: Prepackaged Software
U,Unity Software Inc. Common Stock,$29.20,0.30,1.038%,11096555442.00,United States,2020,7567620,Technology,Retail: Computer Software & Peripheral Equipment
UAL,United Airlines Holdings Inc. Common Stock,$39.76,0.48,1.222%,13041863677.00,United States,,4941578,Consumer Discretionary,Air Freight/Delivery Services
UBER,Uber Technologies Inc. Common Stock,$54.44,0.02,0.037%,112029802041.00,United States,2019,16119063,Technology,EDP Services
UDR,UDR Inc. Common Stock,$32.82,-0.18,-0.545%,10795421358.00,United States,,3165325,Real Estate,Real Estate Investment Trusts
UGIC,UGI Corporation Corporate Units,$55.84,2.22,4.14%,11697294740.00,United States,2021,4312,Utilities,Natural Gas Distribution
UHAL,U-Haul Holding Company Common Stock,$55.46,0.96,1.761%,10874479225.00,United States,2022,134814,Consumer Discretionary,Rental/Leasing Companies
ULTA,Ulta Beauty Inc. Common Stock,$409.27,3.72,0.917%,20147809176.00,United States,2007,554782,Consumer Discretionary,Other Specialty Stores
UNH,UnitedHealth Group Incorporated Common Stock (DE),$536.29,-3.53,-0.654%,496028185383.00,United States,,2676904,Health Care,Medical Specialities
UNP,Union Pacific Corporation Common Stock,$219.21,-0.15,-0.068%,133629866879.00,United States,,2002554,Industrials,Railroads
UPS,United Parcel Service Inc. Common Stock,$147.98,1.07,0.728%,126067948660.00,United States,1999,3320168,Industrials,Trucking Freight/Courier Services
URI,United Rentals Inc. Common Stock,$480.98,6.62,1.396%,32601521821.00,United States,1997,623488,,
USB,U.S. Bancorp Common Stock,$37.64,0.32,0.857%,58605946962.00,United States,,8915889,Finance,Major Banks
USFD,US Foods Holding Corp. Common Stock,$42.85,0.49,1.157%,10534738918.00,United States,2016,2287795,Consumer Discretionary,Food Distributors
UTHR,United Therapeutics Corporation Common Stock,$228.94,2.31,1.019%,10758715013.00,United States,1999,180030,Health Care,Biotechnology: Pharmaceutical Preparations
V,Visa Inc.,$249.56,0.99,0.398%,458103903855.00,United States,,7238158,Consumer Discretionary,Business Services
VEEV,Veeva Systems Inc. Class A Common Stock,$176.54,1.22,0.696%,28362125501.00,United States,2013,1285291,Technology,Computer Software: Prepackaged Software
VICI,VICI Properties Inc. Common Stock,$28.58,-0.12,-0.418%,29566927561.00,United States,2018,7728640,Real Estate,Real Estate Investment Trusts
VLO,Valero Energy Corporation Common Stock,$124.11,2.19,1.796%,42253614632.00,United States,,3131219,Energy,Integrated oil Companies
VLTO,Veralto Corp Common Stock ,$70.99,0.11,0.155%,17485408966.00,United States,2023,1500398,Industrials,Electrical Products
VLYPO,Valley National Bancorp 5.50% Fixed-to-Floating Rate Non-Cumulative Perpetual Preferred Stock Series B,$22.30,0.30,1.364%,11321354962.00,United States,,15065,Finance,Major Banks
VMC,Vulcan Materials Company (Holding Company) Common Stock,$212.35,0.08,0.038%,28215663729.00,United States,,713090,Industrials,Mining & Quarrying of Nonmetallic Minerals (No Fuels)
VMW,Vmware Inc. Common stock Class A,$149.62,-0.03,-0.02%,64604343195.00,United States,2007,502954,Technology,Computer Software: Prepackaged Software
VRSK,Verisk Analytics Inc. Common Stock,$237.12,-0.43,-0.181%,34379212633.00,United States,2009,729187,Consumer Discretionary,Business Services
VRSN,VeriSign Inc. Common Stock,$210.12,0.80,0.382%,21453252000.00,United States,1998,1164407,Technology,EDP Services
VRT,Vertiv Holdings LLC Class A Common Stock,$43.29,0.45,1.05%,16512602535.00,United States,2018,5138881,Technology,Industrial Machinery/Components
VRTX,Vertex Pharmaceuticals Incorporated Common Stock,$350.50,7.50,2.187%,90317955992.00,United States,1991,2035214,Health Care,Biotechnology: Pharmaceutical Preparations
VTR,Ventas Inc. Common Stock,$44.54,-0.11,-0.246%,17922038471.00,United States,,2145529,Real Estate,Real Estate Investment Trusts
VTRS,Viatris Inc. Common Stock,$9.45,0.28,3.053%,11336890950.00,United States,,11489372,Health Care, Medicinal Chemicals and Botanical Products 
VZ,Verizon Communications Inc. Common Stock,$36.23,0.05,0.138%,152314603106.00,United States,,19355154,Telecommunications,Telecommunications Equipment
WAB,Westinghouse Air Brake Technologies Corporation Common Stock,$115.51,0.76,0.662%,20694674572.00,United States,,1260657,Industrials,Railroads
WAT,Waters Corporation Common Stock,$261.88,-4.32,-1.623%,15484172737.00,United States,1995,622816,Industrials,Biotechnology: Laboratory Analytical Instruments
WBA,Walgreens Boots Alliance Inc. Common Stock,$21.22,0.47,2.265%,18332267663.00,United States,,11977753,Consumer Staples,Retail-Drug Stores and Proprietary Stores
WBD,Warner Bros. Discovery Inc. Series A Common Stock ,$10.71,0.39,3.779%,26117037983.00,United States,,18719423,Telecommunications,Cable & Other Pay Television Services
WCN,Waste Connections Inc. Common Shares,$134.84,-0.17,-0.126%,34728718223.00,Canada,,1806434,Utilities,Environmental Services
WDAY,Workday Inc. Class A Common Stock,$231.66,-0.29,-0.125%,60694920000.00,United States,,1013634,Technology,EDP Services
WDC,Western Digital Corporation Common Stock,$46.62,0.61,1.326%,15116216306.00,United States,,3469837,Technology,Electronic Components
WEC,WEC Energy Group Inc. Common Stock,$81.74,-0.63,-0.765%,25783618564.00,United States,,2180690,Utilities,Power Generation
WELL,Welltower Inc. Common Stock,$87.49,0.72,0.83%,46891938396.00,United States,,2196733,Real Estate,Real Estate Investment Trusts
WES,Western Midstream Partners LP Common Units Representing Limited Partner Interests,$28.54,0.76,2.736%,10831397171.00,United States,2012,975179,Utilities,Natural Gas Distribution
WFC,Wells Fargo & Company Common Stock,$42.96,0.43,1.011%,156015242113.00,United States,,13893812,Finance,Major Banks
WLK,Westlake Corporation Common Stock,$129.99,1.85,1.444%,16657018432.00,United States,2004,382809,Industrials,Major Chemicals
WM,Waste Management Inc. Common Stock,$170.55,-0.89,-0.519%,68693349075.00,United States,,1966539,Utilities,Environmental Services
WMB,Williams Companies Inc. (The) Common Stock,$35.43,0.68,1.957%,43100547949.00,United States,,9538039,Utilities,Natural Gas Distribution
WMG,Warner Music Group Corp. Class A Common Stock,$31.81,0.57,1.825%,16413751963.00,United States,2020,2030654,Consumer Discretionary,Services-Misc. Amusement & Recreation
WMT,Walmart Inc. Common Stock,$155.35,-0.69,-0.442%,418134444098.00,United States,,14162345,Consumer Discretionary,Department/Specialty Retail Stores
WPC,W. P. Carey Inc. REIT,$56.54,-0.37,-0.65%,12363707756.00,United States,,1086820,Real Estate,Real Estate Investment Trusts
WPM,Wheaton Precious Metals Corp Common Shares (Canada),$45.73,-0.14,-0.305%,20715513528.00,Canada,,1165792,,
WRB,W.R. Berkley Corporation Common Stock,$70.21,0.44,0.631%,18105195507.00,United States,,1107558,Finance,Property-Casualty Insurers
WSM,Williams-Sonoma Inc. Common Stock (DE),$178.85,7.40,4.316%,11472324308.00,United States,,2149150,Consumer Discretionary,Home Furnishings
WSO,Watsco Inc. Common Stock,$389.98,6.51,1.698%,15362959866.00,United States,,196099,Consumer Discretionary,Industrial Machinery/Components
WST,West Pharmaceutical Services Inc. Common Stock,$342.75,-1.48,-0.43%,25359959393.00,United States,,353883,Health Care,Medical/Dental Instruments
WY,Weyerhaeuser Company Common Stock,$31.92,0.18,0.567%,23301631920.00,United States,,2877748,Real Estate,Real Estate Investment Trusts
XEL,Xcel Energy Inc. Common Stock,$60.56,-0.14,-0.231%,33417996279.00,United States,,4327899,Utilities,Power Generation
XOM,Exxon Mobil Corporation Common Stock,$104.96,2.50,2.44%,415947861315.00,United States,,22984208,Energy,Integrated oil Companies
XPO,XPO Inc. Common Stock,$87.79,1.28,1.48%,10181284594.00,United States,,1059278,Consumer Discretionary,Transportation Services
XYL,Xylem Inc. Common Stock New,$101.16,-0.10,-0.099%,24387428225.00,United States,2011,1286569,Industrials,Fluid Controls
YUM,Yum! Brands Inc.,$127.66,-0.17,-0.133%,35784147238.00,United States,,1089622,Consumer Discretionary,Restaurants
YUMC,Yum China Holdings Inc. Common Stock,$45.89,0.05,0.109%,18982594450.00,United States,2016,1733357,Consumer Discretionary,Restaurants
ZBH,Zimmer Biomet Holdings Inc. Common Stock,$111.67,0.12,0.108%,23336875997.00,United States,,2991438,Health Care,Industrial Specialties
ZBRA,Zebra Technologies Corporation Class A Common Stock,$218.02,2.54,1.179%,11197420864.00,United States,1991,340643,Technology,Computer peripheral equipment
ZM,Zoom Video Communications Inc. Class A Common Stock,$64.12,0.72,1.136%,19297359890.00,United States,2019,4208949,Technology,Computer Software: Programming Data Processing
ZS,Zscaler Inc. Common Stock,$187.47,1.29,0.693%,27589729874.00,United States,2018,1293844,Technology,EDP Services
ZTS,Zoetis Inc. Class A Common Stock,$174.80,-1.74,-0.986%,80253073187.00,United States,2013,2425121,Health Care,Biotechnology: Pharmaceutical Preparations
